m,d,h,Qsolar [W},Qcond [W],Qnet [kW]
6,1,0,0,-59287.68,-59.28768
6,1,1,0,-66687.36,-66.68736
6,1,2,0,-73274.88,-73.27488
6,1,3,2982.432,-79681.92,-76.699488
6,1,4,7201.152,-79501.44,-72.300288
6,1,5,9154.848,-70748.16,-61.593312
6,1,6,34561.92,-60460.8,-25.89888
6,1,7,73996.8,-50353.92,23.64288
6,1,8,107241.216,-42412.8,64.828416
6,1,9,131296.944,-37088.64,94.208304
6,1,10,142475.424,-33027.84,109.447584
6,1,11,140772.144,-29688.96,111.083184
6,1,12,126676.656,-27072,99.604656
6,1,13,99546,-25447.68,74.09832
6,1,14,63984.672,-24725.76,39.258912
6,1,15,24281.328,-25267.2,-0.985872
6,1,16,13578.864,-28515.84,-14.936976
6,1,17,8640.48,-35013.12,-26.37264
6,1,18,410.592,-41329.92,-40.919328
6,1,19,0,-46744.32,-46.74432
6,1,20,0,-51527.04,-51.52704
6,1,21,0,-55678.08,-55.67808
6,1,22,0,-62626.56,-62.62656
6,1,23,0,-75530.88,-75.53088
6,2,0,0,-82569.6,-82.5696
6,2,1,0,-86901.12,-86.90112
6,2,2,0,-92225.28,-92.22528
6,2,3,514.368,-94932.48,-94.418112
6,2,4,8848.032,-92496,-83.647968
6,2,5,10391.136,-83291.52,-72.900384
6,2,6,34710.816,-72101.76,-37.390944
6,2,7,73292.928,-57843.84,15.449088
6,2,8,105585.312,-45029.76,60.555552
6,2,9,128154.336,-35915.52,92.238816
6,2,10,132603.168,-27793.92,104.809248
6,2,11,136088.688,-22379.52,113.709168
6,2,12,119604.096,-19582.08,100.022016
6,2,13,93813.504,-18228.48,75.585024
6,2,14,63271.776,-19852.8,43.418976
6,2,15,29948.4,-22199.04,7.74936
6,2,16,9978.288,-26891.52,-16.913232
6,2,17,8229.888,-30591.36,-22.361472
6,2,18,514.368,-40066.56,-39.552192
6,2,19,0,-49271.04,-49.27104
6,2,20,0,-59738.88,-59.73888
6,2,21,0,-69575.04,-69.57504
6,2,22,0,-82659.84,-82.65984
6,2,23,0,-91954.56,-91.95456
6,3,0,0,-100978.56,-100.97856
6,3,1,0,-100256.64,-100.25664
6,3,2,0,-95473.92,-95.47392
6,3,3,514.368,-90781.44,-90.267072
6,3,4,1748.4,-85547.52,-83.79912
6,3,5,8024.592,-83562.24,-75.537648
6,3,6,11340.912,-80494.08,-69.153168
6,3,7,33530.928,-67589.76,-34.058832
6,3,8,22278,-67048.32,-44.77032
6,3,9,32269.824,-63168,-30.898176
6,3,10,22952.544,-53692.8,-30.740256
6,3,11,61478.256,-45210.24,16.268016
6,3,12,81299.472,-40066.56,41.232912
6,3,13,88782.624,-32396.16,56.386464
6,3,14,52463.28,-30501.12,21.96216
6,3,15,23694.768,-31493.76,-7.798992
6,3,16,11625.168,-35464.32,-23.839152
6,3,17,8333.664,-39886.08,-31.552416
6,3,18,719.664,-49271.04,-48.551376
6,3,19,0,-56129.28,-56.12928
6,3,20,0,-69484.8,-69.4848
6,3,21,0,-78599.04,-78.59904
6,3,22,0,-85728,-85.728
6,3,23,0,-92225.28,-92.22528
6,4,0,0,-97008,-97.008
6,4,1,0,-99805.44,-99.80544
6,4,2,0,-94210.56,-94.21056
6,4,3,3600.576,-96286.08,-92.685504
6,4,4,7920.816,-95383.68,-87.462864
6,4,5,10492.656,-77064.96,-66.572304
6,4,6,34216.752,-59738.88,-25.522128
6,4,7,72302.544,-43946.88,28.355664
6,4,8,96123.648,-33388.8,62.734848
6,4,9,105531.168,-26711.04,78.820128
6,4,10,121990.944,-19221.12,102.769824
6,4,11,114135.552,-15972.48,98.163072
6,4,12,105991.392,-11009.28,94.982112
6,4,13,63923.76,-8121.6,55.80216
6,4,14,61496.304,-2346.24,59.150064
6,4,15,32536.032,-2436.48,30.099552
6,4,16,9053.328,-1714.56,7.338768
6,4,17,8848.032,-5233.92,3.614112
6,4,18,1337.808,-19852.8,-18.514992
6,4,19,0,-40156.8,-40.1568
6,4,20,0,-50534.4,-50.5344
6,4,21,0,-57031.68,-57.03168
6,4,22,0,-60280.32,-60.28032
6,4,23,0,-61633.92,-61.63392
6,5,0,0,-64250.88,-64.25088
6,5,1,0,-67409.28,-67.40928
6,5,2,0,-69123.84,-69.12384
6,5,3,514.368,-68221.44,-67.707072
6,5,4,4218.72,-60370.56,-56.15184
6,5,5,4834.608,-51075.84,-46.241232
6,5,6,34755.936,-36817.92,-2.061984
6,5,7,66294.816,-12001.92,54.292896
6,5,8,26598.24,812.16,27.4104
6,5,9,66477.552,7219.2,73.696752
6,5,10,29030.208,15070.08,44.100288
6,5,11,57577.632,16784.64,74.362272
6,5,12,10801.728,18318.72,29.120448
6,5,13,18093.12,-360.96,17.73216
6,5,14,10801.728,-21747.84,-10.946112
6,5,15,14176.704,-24274.56,-10.097856
6,5,16,8126.112,-24455.04,-16.328928
6,5,17,2571.84,-23552.64,-20.9808
6,5,18,309.072,-28064.64,-27.755568
6,5,19,0,-41781.12,-41.78112
6,5,20,0,-47105.28,-47.10528
6,5,21,0,-50895.36,-50.89536
6,5,22,0,-53061.12,-53.06112
6,5,23,0,-56760.96,-56.76096
6,6,0,0,-59197.44,-59.19744
6,6,1,0,-62265.6,-62.2656
6,6,2,0,-64972.8,-64.9728
6,6,3,3395.28,-65153.28,-61.758
6,6,4,6790.56,-60551.04,-53.76048
6,6,5,9463.92,-49632,-40.16808
6,6,6,32353.296,-35915.52,-3.562224
6,6,7,70008.192,-23281.92,46.726272
6,6,8,92098.944,-13355.52,78.743424
6,6,9,124391.328,-4151.04,120.240288
6,6,10,131653.392,5053.44,136.706832
6,6,11,117034.512,12633.6,129.668112
6,6,12,100737.168,25267.2,126.004368
6,6,13,67249.104,22199.04,89.448144
6,6,14,53652.192,23913.6,77.565792
6,6,15,26449.344,24816,51.265344
6,6,16,16254.48,25537.92,41.7924
6,6,17,8435.184,16694.4,25.129584
6,6,18,2366.544,4151.04,6.517584
6,6,19,0,-14438.4,-14.4384
6,6,20,0,-24364.8,-24.3648
6,6,21,0,-32666.88,-32.66688
6,6,22,0,-39344.64,-39.34464
6,6,23,0,-44939.52,-44.93952
6,7,0,0,-48729.6,-48.7296
6,7,1,0,-53422.08,-53.42208
6,7,2,0,-56760.96,-56.76096
6,7,3,3600.576,-57392.64,-53.792064
6,7,4,7406.448,-49000.32,-41.593872
6,7,5,14916.672,-27072,-12.155328
6,7,6,35606.448,-8482.56,27.123888
6,7,7,69238.896,-2526.72,66.712176
6,7,8,89651.184,15070.08,104.721264
6,7,9,110983.92,27162.24,138.14616
6,7,10,20387.472,38622.72,59.010192
6,7,11,118895.712,45571.2,164.466912
6,7,12,113580.576,50083.2,163.663776
6,7,13,90639.312,50263.68,140.902992
6,7,14,7291.392,55046.4,62.337792
6,7,15,22607.376,54595.2,77.202576
6,7,16,3496.8,47195.52,50.69232
6,7,17,1439.328,32666.88,34.106208
6,7,18,1234.032,25537.92,26.771952
6,7,19,0,11731.2,11.7312
6,7,20,0,2526.72,2.52672
6,7,21,0,-2977.92,-2.97792
6,7,22,0,-6858.24,-6.85824
6,7,23,0,-9926.4,-9.9264
6,8,0,0,-12092.16,-12.09216
6,8,1,0,-14257.92,-14.25792
6,8,2,0,-17596.8,-17.5968
6,8,3,514.368,-20845.44,-20.331072
6,8,4,3805.872,-16874.88,-13.069008
6,8,5,6583.008,-4512,2.071008
6,8,6,22460.736,10016.64,32.477376
6,8,7,68548.56,3790.08,72.33864
6,8,8,66806.928,13806.72,80.613648
6,8,9,36350.928,17326.08,53.677008
6,8,10,59562.912,8121.6,67.684512
6,8,11,69381.024,11640.96,81.021984
6,8,12,43159.536,7489.92,50.649456
6,8,13,55885.632,4241.28,60.126912
6,8,14,31967.52,-2165.76,29.80176
6,8,15,22607.376,-5414.4,17.192976
6,8,16,15740.112,-11731.2,4.008912
6,8,17,6790.56,-18048,-11.25744
6,8,18,309.072,-24364.8,-24.055728
6,8,19,0,-43224.96,-43.22496
6,8,20,0,-49902.72,-49.90272
6,8,21,0,-54595.2,-54.5952
6,8,22,0,-57392.64,-57.39264
6,8,23,0,-59738.88,-59.73888
6,9,0,0,-62807.04,-62.80704
6,9,1,0,-65153.28,-65.15328
6,9,2,0,-66145.92,-66.14592
6,9,3,514.368,-67138.56,-66.624192
6,9,4,1748.4,-67048.32,-65.29992
6,9,5,4834.608,-65514.24,-60.679632
6,9,6,11072.448,-62807.04,-51.734592
6,9,7,13772.88,-64792.32,-51.01944
6,9,8,34992.816,-60190.08,-25.197264
6,9,9,35809.488,-52429.44,-16.619952
6,9,10,58116.816,-44398.08,13.718736
6,9,11,45255.36,-31584,13.67136
6,9,12,40084.608,-20123.52,19.961088
6,9,13,10127.184,-12182.4,-2.055216
6,9,14,15392.688,-5955.84,9.436848
6,9,15,12556.896,-4060.8,8.496096
6,9,16,8538.96,-6858.24,1.68072
6,9,17,8435.184,-10287.36,-1.852176
6,9,18,1234.032,-16423.68,-15.189648
6,9,19,0,-31403.52,-31.40352
6,9,20,0,-34381.44,-34.38144
6,9,21,0,-36276.48,-36.27648
6,9,22,0,-37900.8,-37.9008
6,9,23,0,-40517.76,-40.51776
6,10,0,0,-42412.8,-42.4128
6,10,1,0,-43856.64,-43.85664
6,10,2,0,-46744.32,-46.74432
6,10,3,514.368,-47105.28,-46.590912
6,10,4,2468.064,-46473.6,-44.005536
6,10,5,11419.872,-42232.32,-30.812448
6,10,6,20387.472,-39073.92,-18.686448
6,10,7,22142.64,-38532.48,-16.38984
6,10,8,50649.456,-29508.48,21.140976
6,10,9,32134.464,-19311.36,12.823104
6,10,10,27949.584,-11099.52,16.850064
6,10,11,27814.224,-10016.64,17.797584
6,10,12,30379.296,-7399.68,22.979616
6,10,13,46972.176,0,46.972176
6,10,14,50448.672,9384.96,59.833632
6,10,15,27146.448,14438.4,41.584848
6,10,16,14298.528,14167.68,28.466208
6,10,17,2982.432,12272.64,15.255072
6,10,18,309.072,4963.2,5.272272
6,10,19,0,-13806.72,-13.80672
6,10,20,0,-17326.08,-17.32608
6,10,21,0,-20213.76,-20.21376
6,10,22,0,-21657.6,-21.6576
6,10,23,0,-24545.28,-24.54528
6,11,0,0,-26169.6,-26.1696
6,11,1,0,-27793.92,-27.79392
6,11,2,0,-28967.04,-28.96704
6,11,3,514.368,-30681.6,-30.167232
6,11,4,1748.4,-27072,-25.3236
6,11,5,4011.168,-15611.52,-11.600352
6,11,6,30257.472,-7580.16,22.677312
6,11,7,42938.448,-90.24,42.848208
6,11,8,56178.912,11731.2,67.910112
6,11,9,99661.056,18589.44,118.250496
6,11,10,101628.288,25176.96,126.805248
6,11,11,81737.136,32576.64,114.313776
6,11,12,105637.2,39615.36,145.25256
6,11,13,93087.072,46563.84,139.650912
6,11,14,60821.76,51075.84,111.8976
6,11,15,22095.264,52880.64,74.975904
6,11,16,13477.344,52429.44,65.906784
6,11,17,8126.112,44307.84,52.433952
6,11,18,823.44,30501.12,31.32456
6,11,19,0,19221.12,19.22112
6,11,20,0,7309.44,7.30944
6,11,21,0,902.4,0.9024
6,11,22,0,-7489.92,-7.48992
6,11,23,0,-13987.2,-13.9872
6,12,0,0,-17687.04,-17.68704
6,12,1,0,-21477.12,-21.47712
6,12,2,0,-24455.04,-24.45504
6,12,3,3600.576,-25808.64,-22.208064
6,12,4,10596.432,-16513.92,-5.917488
6,12,5,16665.072,1353.6,18.018672
6,12,6,38250.48,17867.52,56.118
6,12,7,65024.688,20213.76,85.238448
6,12,8,91992.912,35283.84,127.276752
6,12,9,123168.576,47015.04,170.183616
6,12,10,134902.032,61724.16,196.626192
6,12,11,133577.76,74989.44,208.5672
6,12,12,119924.448,84464.64,204.389088
6,12,13,94752,89247.36,183.99936
6,12,14,60975.168,92766.72,153.741888
6,12,15,23839.152,91954.56,115.793712
6,12,16,8744.256,77696.64,86.440896
6,12,17,7819.296,63168,70.987296
6,12,18,2675.616,51075.84,53.751456
6,12,19,0,46112.64,46.11264
6,12,20,0,37088.64,37.08864
6,12,21,0,28515.84,28.51584
6,12,22,0,20213.76,20.21376
6,12,23,0,13175.04,13.17504
6,13,0,0,6768,6.768
6,13,1,0,2075.52,2.07552
6,13,2,0,-2436.48,-2.43648
6,13,3,3704.352,-5233.92,-1.529568
6,13,4,9876.768,-541.44,9.335328
6,13,5,14298.528,10648.32,24.946848
6,13,6,33203.808,24003.84,57.207648
6,13,7,67463.424,36456.96,103.920384
6,13,8,98305.2,49090.56,147.39576
6,13,9,119840.976,59016.96,178.857936
6,13,10,125905.104,61904.64,187.809744
6,13,11,129814.752,64792.32,194.607072
6,13,12,112186.368,41961.6,154.147968
6,13,13,85960.368,44939.52,130.899888
6,13,14,58725.936,53873.28,112.599216
6,13,15,30902.688,49812.48,80.715168
6,13,16,10596.432,41871.36,52.467792
6,13,17,6377.712,36817.92,43.195632
6,13,18,1646.88,27432.96,29.07984
6,13,19,0,17867.52,17.86752
6,13,20,0,10919.04,10.91904
6,13,21,0,1804.8,1.8048
6,13,22,0,-8211.84,-8.21184
6,13,23,0,-17777.28,-17.77728
6,14,0,0,-26350.08,-26.35008
6,14,1,0,-33208.32,-33.20832
6,14,2,0,-37449.6,-37.4496
6,14,3,618.144,-40066.56,-39.448416
6,14,4,1852.176,-35283.84,-33.431664
6,14,5,4938.384,-31764.48,-26.826096
6,14,6,11611.632,-29959.68,-18.348048
6,14,7,49368.048,-19040.64,30.327408
6,14,8,66459.504,-12272.64,54.186864
6,14,9,57579.888,-6136.32,51.443568
6,14,10,44894.4,-2075.52,42.81888
6,14,11,66351.216,4692.48,71.043696
6,14,12,56025.504,5955.84,61.981344
6,14,13,25249.152,7670.4,32.919552
6,14,14,52724.976,5685.12,58.410096
6,14,15,25928.208,1082.88,27.011088
6,14,16,16870.368,-5053.44,11.816928
6,14,17,8744.256,-10197.12,-1.452864
6,14,18,2571.84,-17687.04,-15.1152
6,14,19,0,-23462.4,-23.4624
6,14,20,0,-28696.32,-28.69632
6,14,21,0,-34471.68,-34.47168
6,14,22,0,-44939.52,-44.93952
6,14,23,0,-54685.44,-54.68544
6,15,0,0,-65514.24,-65.51424
6,15,1,0,-72462.72,-72.46272
6,15,2,0,-77786.88,-77.78688
6,15,3,3395.28,-76613.76,-73.21848
6,15,4,8229.888,-64882.56,-56.652672
6,15,5,12755.424,-41329.92,-28.574496
6,15,6,38155.728,-29959.68,8.196048
6,15,7,65924.832,-24545.28,41.379552
6,15,8,94761.024,-16694.4,78.066624
6,15,9,104667.12,-12543.36,92.12376
6,15,10,98537.568,-4692.48,93.845088
6,15,11,74522.448,631.68,75.154128
6,15,12,57106.128,3068.16,60.174288
6,15,13,78991.584,4512,83.503584
6,15,14,50960.784,5143.68,56.104464
6,15,15,34347.6,6587.52,40.93512
6,15,16,8848.032,4241.28,13.089312
6,15,17,8229.888,992.64,9.222528
6,15,18,2880.912,-6407.04,-3.526128
6,15,19,0,-17326.08,-17.32608
6,15,20,0,-31493.76,-31.49376
6,15,21,0,-40066.56,-40.06656
6,15,22,0,-48097.92,-48.09792
6,15,23,0,-51797.76,-51.79776
6,16,0,0,-57934.08,-57.93408
6,16,1,0,-62085.12,-62.08512
6,16,2,0,-66958.08,-66.95808
6,16,3,823.44,-67589.76,-66.76632
6,16,4,10183.584,-55497.6,-45.314016
6,16,5,16870.368,-39073.92,-22.203552
6,16,6,32827.056,-26530.56,6.296496
6,16,7,47818.176,-6858.24,40.959936
6,16,8,48411.504,-90.24,48.321264
6,16,9,87304.944,6587.52,93.892464
6,16,10,58656,12182.4,70.8384
6,16,11,62637.84,15160.32,77.79816
6,16,12,66574.56,18408.96,84.98352
6,16,13,82028.16,22650.24,104.6784
6,16,14,61227.84,22018.56,83.2464
6,16,15,26636.592,26891.52,53.528112
6,16,16,15841.632,24816,40.657632
6,16,17,9258.624,18408.96,27.667584
6,16,18,2982.432,8121.6,11.104032
6,16,19,0,6316.8,6.3168
6,16,20,0,721.92,0.72192
6,16,21,0,-2075.52,-2.07552
6,16,22,0,-6677.76,-6.67776
6,16,23,0,-14167.68,-14.16768
6,17,0,0,-21386.88,-21.38688
6,17,1,0,-27974.4,-27.9744
6,17,2,0,-32486.4,-32.4864
6,17,3,3496.8,-34020.48,-30.52368
6,17,4,1748.4,-28696.32,-26.94792
6,17,5,5039.904,-13806.72,-8.766816
6,17,6,36682.56,2977.92,39.66048
6,17,7,57216.672,4151.04,61.367712
6,17,8,96726,14077.44,110.80344
6,17,9,120247.056,26169.6,146.416656
6,17,10,129471.84,42142.08,171.61392
6,17,11,84753.408,52068.48,136.821888
6,17,12,35263.536,56309.76,91.573296
6,17,13,10262.544,52429.44,62.691984
6,17,14,38480.592,23191.68,61.672272
6,17,15,34203.216,14889.6,49.092816
6,17,16,8229.888,11911.68,20.141568
6,17,17,6481.488,7670.4,14.151888
6,17,18,2982.432,3790.08,6.772512
6,17,19,0,-2616.96,-2.61696
6,17,20,0,-5775.36,-5.77536
6,17,21,0,-9204.48,-9.20448
6,17,22,0,-12994.56,-12.99456
6,17,23,0,-16694.4,-16.6944
6,18,0,0,-20755.2,-20.7552
6,18,1,0,-23823.36,-23.82336
6,18,2,0,-26079.36,-26.07936
6,18,3,514.368,-28154.88,-27.640512
6,18,4,1748.4,-20304,-18.5556
6,18,5,16563.552,-4241.28,12.322272
6,18,6,27159.984,5414.4,32.574384
6,18,7,66075.984,16784.64,82.860624
6,18,8,96301.872,25537.92,121.839792
6,18,9,10127.184,36817.92,46.945104
6,18,10,22142.64,45480.96,67.6236
6,18,11,19309.104,51166.08,70.475184
6,18,12,25113.792,55678.08,80.791872
6,18,13,75747.456,40156.8,115.904256
6,18,14,14312.064,45571.2,59.883264
6,18,15,22372.752,34471.68,56.844432
6,18,16,9154.848,21477.12,30.631968
6,18,17,9463.92,19582.08,29.046
6,18,18,2468.064,15701.76,18.169824
6,18,19,0,12182.4,12.1824
6,18,20,0,2436.48,2.43648
6,18,21,0,-5955.84,-5.95584
6,18,22,0,-13716.48,-13.71648
6,18,23,0,-17596.8,-17.5968
6,19,0,0,-20213.76,-20.21376
6,19,1,0,-24003.84,-24.00384
6,19,2,0,-25537.92,-25.53792
6,19,3,3704.352,-26259.84,-22.555488
6,19,4,10391.136,-18138.24,-7.747104
6,19,5,12035.76,-2165.76,9.87
6,19,6,30853.056,10197.12,41.050176
6,19,7,65687.952,17867.52,83.555472
6,19,8,96920.016,27252.48,124.172496
6,19,9,118751.328,35915.52,154.666848
6,19,10,121183.296,42142.08,163.325376
6,19,11,103766.976,44759.04,148.526016
6,19,12,58741.728,42232.32,100.974048
6,19,13,90907.776,47646.72,138.554496
6,19,14,17418.576,46112.64,63.531216
6,19,15,31534.368,45661.44,77.195808
6,19,16,4629.312,33298.56,37.927872
6,19,17,3496.8,21928.32,25.42512
6,19,18,2262.768,10287.36,12.550128
6,19,19,0,1985.28,1.98528
6,19,20,0,-5865.6,-5.8656
6,19,21,0,-8753.28,-8.75328
6,19,22,0,-18589.44,-18.58944
6,19,23,0,-19943.04,-19.94304
6,20,0,0,-23281.92,-23.28192
6,20,1,0,-27613.44,-27.61344
6,20,2,0,-30140.16,-30.14016
6,20,3,514.368,-29959.68,-29.445312
6,20,4,1748.4,-19491.84,-17.74344
6,20,5,17179.44,-10648.32,6.53112
6,20,6,19983.648,-631.68,19.351968
6,20,7,49801.2,-1353.6,48.4476
6,20,8,50805.12,5324.16,56.12928
6,20,9,39915.408,11370.24,51.285648
6,20,10,85838.544,22289.28,108.127824
6,20,11,69771.312,26981.76,96.753072
6,20,12,82759.104,34561.92,117.321024
6,20,13,51407.472,35283.84,86.691312
6,20,14,48003.168,22018.56,70.021728
6,20,15,26027.472,17416.32,43.443792
6,20,16,7510.224,16874.88,24.385104
6,20,17,3395.28,16874.88,20.27016
6,20,18,2571.84,13536,16.10784
6,20,19,0,4151.04,4.15104
6,20,20,0,-2526.72,-2.52672
6,20,21,0,-6948.48,-6.94848
6,20,22,0,-13716.48,-13.71648
6,20,23,0,-19762.56,-19.76256
6,21,0,0,-22920.96,-22.92096
6,21,1,0,-25176.96,-25.17696
6,21,2,0,-27523.2,-27.5232
6,21,3,514.368,-27884.16,-27.369792
6,21,4,1748.4,-19491.84,-17.74344
6,21,5,4424.016,-6768,-2.343984
6,21,6,10262.544,5865.6,16.128144
6,21,7,13502.16,7941.12,21.44328
6,21,8,82344,17055.36,99.39936
6,21,9,99277.536,31403.52,130.681056
6,21,10,129945.6,41059.2,171.0048
6,21,11,23358.624,43676.16,67.034784
6,21,12,10937.088,48278.4,59.215488
6,21,13,10937.088,49541.76,60.478848
6,21,14,33104.544,48458.88,81.563424
6,21,15,21768.144,36186.24,57.954384
6,21,16,3909.648,12814.08,16.723728
6,21,17,9362.4,8843.52,18.20592
6,21,18,2880.912,2887.68,5.768592
6,21,19,0,2707.2,2.7072
6,21,20,0,-90.24,-0.09024
6,21,21,0,-3880.32,-3.88032
6,21,22,0,-5685.12,-5.68512
6,21,23,0,-6226.56,-6.22656
6,22,0,0,-7309.44,-7.30944
6,22,1,0,-9745.92,-9.74592
6,22,2,0,-11280,-11.28
6,22,3,514.368,-10919.04,-10.404672
6,22,4,7406.448,-7399.68,0.006768
6,22,5,10492.656,-2346.24,8.146416
6,22,6,30153.696,1804.8,31.958496
6,22,7,41652.528,0,41.652528
6,22,8,38252.736,7670.4,45.923136
6,22,9,40215.456,11640.96,51.856416
6,22,10,39091.968,17687.04,56.779008
6,22,11,60422.448,22650.24,83.072688
6,22,12,27814.224,23372.16,51.186384
6,22,13,14041.344,25447.68,39.489024
6,22,14,11476.272,16604.16,28.080432
6,22,15,9991.824,1353.6,11.345424
6,22,16,2880.912,-3429.12,-0.548208
6,22,17,9362.4,-3609.6,5.7528
6,22,18,410.592,-2887.68,-2.477088
6,22,19,0,-13084.8,-13.0848
6,22,20,0,-17326.08,-17.32608
6,22,21,0,-21025.92,-21.02592
6,22,22,0,-25989.12,-25.98912
6,22,23,0,-31764.48,-31.76448
6,23,0,0,-36637.44,-36.63744
6,23,1,0,-39795.84,-39.79584
6,23,2,0,-41059.2,-41.0592
6,23,3,3395.28,-41871.36,-38.47608
6,23,4,4525.536,-41329.92,-36.804384
6,23,5,18106.656,-39976.32,-21.869664
6,23,6,37005.168,-33840,3.165168
6,23,7,60851.088,-22740.48,38.110608
6,23,8,81001.68,-12182.4,68.81928
6,23,9,100019.76,-5414.4,94.60536
6,23,10,68983.968,1173.12,70.157088
6,23,11,94950.528,7219.2,102.169728
6,23,12,87573.408,7038.72,94.612128
6,23,13,65827.824,5233.92,71.061744
6,23,14,61112.784,3068.16,64.180944
6,23,15,31168.896,-3429.12,27.739776
6,23,16,16563.552,-10016.64,6.546912
6,23,17,8640.48,-16423.68,-7.7832
6,23,18,618.144,-22379.52,-21.761376
6,23,19,0,-27072,-27.072
6,23,20,0,-29147.52,-29.14752
6,23,21,0,-30230.4,-30.2304
6,23,22,0,-31854.72,-31.85472
6,23,23,0,-33659.52,-33.65952
6,24,0,0,-35193.6,-35.1936
6,24,1,0,-36908.16,-36.90816
6,24,2,0,-39705.6,-39.7056
6,24,3,514.368,-42864,-42.349632
6,24,4,1953.696,-41420.16,-39.466464
6,24,5,3086.208,-37810.56,-34.724352
6,24,6,9991.824,-30952.32,-20.960496
6,24,7,16608.672,-16423.68,0.184992
6,24,8,13096.08,-12001.92,1.09416
6,24,9,16473.312,-12814.08,3.659232
6,24,10,14851.248,-11370.24,3.481008
6,24,11,12286.176,-8753.28,3.532896
6,24,12,12017.712,2165.76,14.183472
6,24,13,17012.496,16423.68,33.436176
6,24,14,11746.992,25989.12,37.736112
6,24,15,15931.872,25267.2,41.199072
6,24,16,16254.48,22560,38.81448
6,24,17,9463.92,17055.36,26.51928
6,24,18,2571.84,8663.04,11.23488
6,24,19,0,90.24,0.09024
6,24,20,0,-6587.52,-6.58752
6,24,21,0,-10919.04,-10.91904
6,24,22,0,-16784.64,-16.78464
6,24,23,0,-21477.12,-21.47712
6,25,0,0,-27342.72,-27.34272
6,25,1,0,-30862.08,-30.86208
6,25,2,0,-32396.16,-32.39616
6,25,3,2571.84,-32666.88,-30.09504
6,25,4,6276.192,-26440.32,-20.164128
6,25,5,10082.064,-15250.56,-5.168496
6,25,6,36851.76,-4692.48,32.15928
6,25,7,64729.152,15250.56,79.979712
6,25,8,88866.096,25989.12,114.855216
6,25,9,110038.656,35283.84,145.322496
6,25,10,107360.784,43495.68,150.856464
6,25,11,131531.568,49451.52,180.983088
6,25,12,94451.952,53241.6,147.693552
6,25,13,81468.672,55407.36,136.876032
6,25,14,60205.872,53963.52,114.169392
6,25,15,35051.472,51617.28,86.668752
6,25,16,8333.664,46654.08,54.987744
6,25,17,9669.216,39525.12,49.194336
6,25,18,2777.136,29147.52,31.924656
6,25,19,0,21928.32,21.92832
6,25,20,0,14077.44,14.07744
6,25,21,0,7760.64,7.76064
6,25,22,0,1714.56,1.71456
6,25,23,0,-3519.36,-3.51936
6,26,0,0,-7670.4,-7.6704
6,26,1,0,-11821.44,-11.82144
6,26,2,0,-16152.96,-16.15296
6,26,3,2675.616,-18950.4,-16.274784
6,26,4,9463.92,-14709.12,-5.2452
6,26,5,11934.24,-2436.48,9.49776
6,26,6,29858.16,12453.12,42.31128
6,26,7,64866.768,24364.8,89.231568
6,26,8,96425.952,34922.88,131.348832
6,26,9,120384.672,42683.52,163.068192
6,26,10,131258.592,52068.48,183.327072
6,26,11,130250.16,59829.12,190.07928
6,26,12,104617.488,64792.32,169.409808
6,26,13,93585.648,66687.36,160.273008
6,26,14,50162.16,65424,115.58616
6,26,15,16067.232,47376,63.443232
6,26,16,2982.432,41690.88,44.673312
6,26,17,6686.784,38803.2,45.489984
6,26,18,2571.84,33298.56,35.8704
6,26,19,0,20845.44,20.84544
6,26,20,0,15160.32,15.16032
6,26,21,0,11009.28,11.00928
6,26,22,0,8211.84,8.21184
6,26,23,0,6046.08,6.04608
6,27,0,0,4151.04,4.15104
6,27,1,0,2256,2.256
6,27,2,0,180.48,0.18048
6,27,3,514.368,-1985.28,-1.470912
6,27,4,1646.88,-902.4,0.74448
6,27,5,14093.232,3068.16,17.161392
6,27,6,22183.248,8663.04,30.846288
6,27,7,17418.576,14438.4,31.856976
6,27,8,64447.152,21838.08,86.285232
6,27,9,81671.712,28696.32,110.368032
6,27,10,59932.896,34381.44,94.314336
6,27,11,31053.84,41600.64,72.65448
6,27,12,35401.152,42142.08,77.543232
6,27,13,13908.24,43676.16,57.5844
6,27,14,62558.88,45390.72,107.9496
6,27,15,34882.272,46293.12,81.175392
6,27,16,9772.992,27884.16,37.657152
6,27,17,6686.784,27342.72,34.029504
6,27,18,3189.984,23913.6,27.103584
6,27,19,0,11370.24,11.37024
6,27,20,0,3519.36,3.51936
6,27,21,0,-1895.04,-1.89504
6,27,22,0,-5324.16,-5.32416
6,27,23,0,-8211.84,-8.21184
6,28,0,0,-10287.36,-10.28736
6,28,1,0,-11911.68,-11.91168
6,28,2,0,-14077.44,-14.07744
6,28,3,514.368,-14889.6,-14.375232
6,28,4,10082.064,-7670.4,2.411664
6,28,5,12241.056,5414.4,17.655456
6,28,6,34164.864,17326.08,51.490944
6,28,7,64054.608,27072,91.126608
6,28,8,95338.56,40247.04,135.5856
6,28,9,120251.568,52339.2,172.590768
6,28,10,131558.64,60099.84,191.65848
6,28,11,125993.088,66597.12,192.590208
6,28,12,112770.672,70387.2,183.157872
6,28,13,83431.392,71379.84,154.811232
6,28,14,62725.824,71109.12,133.834944
6,28,15,25143.12,62807.04,87.95016
6,28,16,11419.872,52790.4,64.210272
6,28,17,7406.448,50173.44,57.579888
6,28,18,2468.064,44127.36,46.595424
6,28,19,0,36817.92,36.81792
6,28,20,0,28064.64,28.06464
6,28,21,0,20123.52,20.12352
6,28,22,0,12092.16,12.09216
6,28,23,0,3699.84,3.69984
6,29,0,0,-360.96,-0.36096
6,29,1,0,-3158.4,-3.1584
6,29,2,0,-4963.2,-4.9632
6,29,3,514.368,-7399.68,-6.885312
6,29,4,1646.88,-2165.76,-0.51888
6,29,5,12448.608,11640.96,24.089568
6,29,6,34264.128,21657.6,55.921728
6,29,7,64751.712,25086.72,89.838432
6,29,8,78235.824,28606.08,106.841904
6,29,9,78723.12,31313.28,110.0364
6,29,10,94296.288,36186.24,130.482528
6,29,11,59989.296,38803.2,98.792496
6,29,12,71100.096,40608,111.708096
6,29,13,31868.256,39705.6,71.573856
6,29,14,15257.328,39886.08,55.143408
6,29,15,5671.584,27793.92,33.465504
6,29,16,3189.984,19040.64,22.230624
6,29,17,1953.696,4963.2,6.916896
6,29,18,1439.328,-2075.52,-0.636192
6,29,19,0,-25086.72,-25.08672
6,29,20,0,-28606.08,-28.60608
6,29,21,0,-31403.52,-31.40352
6,29,22,0,-34832.64,-34.83264
6,29,23,0,-38352,-38.352
6,30,0,0,-42412.8,-42.4128
6,30,1,0,-45661.44,-45.66144
6,30,2,0,-48729.6,-48.7296
6,30,3,514.368,-50714.88,-50.200512
6,30,4,6377.712,-46293.12,-39.915408
6,30,5,16768.848,-35103.36,-18.334512
6,30,6,32328.48,-21206.4,11.12208
6,30,7,66044.4,-11099.52,54.94488
6,30,8,99351.984,-2075.52,97.276464
6,30,9,121693.152,8933.76,130.626912
6,30,10,72471.744,14889.6,87.361344
6,30,11,133104,20484.48,153.58848
6,30,12,28084.944,22289.28,50.374224
6,30,13,69685.584,23372.16,93.057744
6,30,14,46248,20484.48,66.73248
6,30,15,29467.872,15070.08,44.537952
6,30,16,13578.864,10648.32,24.227184
6,30,17,6583.008,7219.2,13.802208
6,30,18,3189.984,1443.84,4.633824
6,30,19,0,-6948.48,-6.94848
6,30,20,0,-15611.52,-15.61152
6,30,21,0,-22740.48,-22.74048
6,30,22,0,-27613.44,-27.61344
6,30,23,0,-30681.6,-30.6816
7,1,0,0,-32486.4,-32.4864
7,1,1,0,-32847.36,-32.84736
7,1,2,0,-30140.16,-30.14016
7,1,3,514.368,-29237.76,-28.723392
7,1,4,2161.248,-28245.12,-26.083872
7,1,5,12241.056,-19672.32,-7.431264
7,1,6,29853.648,-5143.68,24.709968
7,1,7,65593.2,4151.04,69.74424
7,1,8,97689.312,18679.68,116.368992
7,1,9,121512.672,27613.44,149.126112
7,1,10,132860.352,33479.04,166.339392
7,1,11,133471.728,38893.44,172.365168
7,1,12,120145.536,44759.04,164.904576
7,1,13,96182.304,46473.6,142.655904
7,1,14,63576.336,45480.96,109.057296
7,1,15,26050.032,47015.04,73.065072
7,1,16,14298.528,46473.6,60.772128
7,1,17,6892.08,40878.72,47.7708
7,1,18,3189.984,30862.08,34.052064
7,1,19,0,22018.56,22.01856
7,1,20,0,13626.24,13.62624
7,1,21,0,7128.96,7.12896
7,1,22,0,-1263.36,-1.26336
7,1,23,0,-10106.88,-10.10688
7,2,0,0,-10919.04,-10.91904
7,2,1,0,-7850.88,-7.85088
7,2,2,0,-8572.8,-8.5728
7,2,3,3395.28,-25357.44,-21.96216
7,2,4,7611.744,-18860.16,-11.248416
7,2,5,9154.848,270.72,9.425568
7,2,6,29021.184,18048,47.069184
7,2,7,55574.304,31674.24,87.248544
7,2,8,78053.088,38442.24,116.495328
7,2,9,115994.496,43044.48,159.038976
7,2,10,122642.928,47105.28,169.748208
7,2,11,127114.32,50534.4,177.64872
7,2,12,53216.784,53151.36,106.368144
7,2,13,22278,39254.4,61.5324
7,2,14,17283.216,41690.88,58.974096
7,2,15,25425.12,36998.4,62.42352
7,2,16,10905.504,30771.84,41.677344
7,2,17,6276.192,28335.36,34.611552
7,2,18,2161.248,22379.52,24.540768
7,2,19,0,13265.28,13.26528
7,2,20,0,3880.32,3.88032
7,2,21,0,-3790.08,-3.79008
7,2,22,0,-7850.88,-7.85088
7,2,23,0,-10558.08,-10.55808
7,3,0,0,-15340.8,-15.3408
7,3,1,0,-20213.76,-20.21376
7,3,2,0,-23823.36,-23.82336
7,3,3,3291.504,-23823.36,-20.531856
7,3,4,7201.152,-18408.96,-11.207808
7,3,5,9463.92,-4602.24,4.86168
7,3,6,30029.616,7219.2,37.248816
7,3,7,65175.84,23642.88,88.81872
7,3,8,95534.832,34291.2,129.826032
7,3,9,118622.736,41961.6,160.584336
7,3,10,121151.712,41420.16,162.571872
7,3,11,14986.608,37991.04,52.977648
7,3,12,30920.736,32486.4,63.407136
7,3,13,80652,29959.68,110.61168
7,3,14,54507.216,33118.08,87.625296
7,3,15,24448.272,33479.04,57.927312
7,3,16,11419.872,30230.4,41.650272
7,3,17,9567.696,23642.88,33.210576
7,3,18,3086.208,14167.68,17.253888
7,3,19,0,1173.12,1.17312
7,3,20,0,-6046.08,-6.04608
7,3,21,0,-12272.64,-12.27264
7,3,22,0,-15882.24,-15.88224
7,3,23,0,-22199.04,-22.19904
7,4,0,0,-29147.52,-29.14752
7,4,1,0,-36005.76,-36.00576
7,4,2,0,-41510.4,-41.5104
7,4,3,2468.064,-45210.24,-42.742176
7,4,4,9053.328,-40156.8,-31.103472
7,4,5,11316.096,-25808.64,-14.492544
7,4,6,29289.648,-13084.8,16.204848
7,4,7,65936.112,8031.36,73.967472
7,4,8,77274.768,15611.52,92.886288
7,4,9,100816.128,23191.68,124.007808
7,4,10,123631.056,28606.08,152.237136
7,4,11,129564.336,31584,161.148336
7,4,12,108382.752,33840,142.222752
7,4,13,90361.824,32937.6,123.299424
7,4,14,64616.352,32666.88,97.283232
7,4,15,33260.208,30501.12,63.761328
7,4,16,13064.496,28967.04,42.031536
7,4,17,7201.152,25628.16,32.829312
7,4,18,3086.208,17145.6,20.231808
7,4,19,0,12362.88,12.36288
7,4,20,0,1985.28,1.98528
7,4,21,0,-6497.28,-6.49728
7,4,22,0,-12904.32,-12.90432
7,4,23,0,-16874.88,-16.87488
7,5,0,0,-19401.6,-19.4016
7,5,1,0,-21025.92,-21.02592
7,5,2,0,-20123.52,-20.12352
7,5,3,410.592,-22199.04,-21.788448
7,5,4,9567.696,-20755.2,-11.187504
7,5,5,14607.6,-10919.04,3.68856
7,5,6,31157.616,2075.52,33.233136
7,5,7,65076.576,16423.68,81.500256
7,5,8,97423.104,28606.08,126.029184
7,5,9,121343.472,39886.08,161.229552
7,5,10,110291.328,50805.12,161.096448
7,5,11,85348.992,58836.48,144.185472
7,5,12,117007.44,64792.32,181.79976
7,5,13,95904.816,66958.08,162.862896
7,5,14,62538.576,63348.48,125.887056
7,5,15,31446.384,60731.52,92.177904
7,5,16,16768.848,58836.48,75.605328
7,5,17,8333.664,53061.12,61.394784
7,5,18,1337.808,45390.72,46.728528
7,5,19,0,37720.32,37.72032
7,5,20,0,28245.12,28.24512
7,5,21,0,22920.96,22.92096
7,5,22,0,17687.04,17.68704
7,5,23,0,13175.04,13.17504
7,6,0,0,10919.04,10.91904
7,6,1,0,10738.56,10.73856
7,6,2,0,9565.44,9.56544
7,6,3,410.592,6948.48,7.359072
7,6,4,9567.696,8572.8,18.140496
7,6,5,11726.688,16423.68,28.150368
7,6,6,29249.04,26440.32,55.68936
7,6,7,64356.912,32215.68,96.572592
7,6,8,78531.36,34922.88,113.45424
7,6,9,118726.512,33569.28,152.295792
7,6,10,22278,39886.08,62.16408
7,6,11,31189.2,45300.48,76.48968
7,6,12,22548.72,49992.96,72.54168
7,6,13,27543.504,39073.92,66.617424
7,6,14,15121.968,23101.44,38.223408
7,6,15,5671.584,15792,21.463584
7,6,16,3704.352,10919.04,14.623392
7,6,17,8848.032,5324.16,14.172192
7,6,18,1852.176,-180.48,1.671696
7,6,19,0,-15792,-15.792
7,6,20,0,-22379.52,-22.37952
7,6,21,0,-29418.24,-29.41824
7,6,22,0,-33840,-33.84
7,6,23,0,-37720.32,-37.72032
7,7,0,0,-41149.44,-41.14944
7,7,1,0,-43134.72,-43.13472
7,7,2,0,-45571.2,-45.5712
7,7,3,514.368,-47195.52,-46.681152
7,7,4,5863.344,-46924.8,-41.061456
7,7,5,4938.384,-44037.12,-39.098736
7,7,6,10801.728,-40156.8,-29.355072
7,7,7,34257.36,-39976.32,-5.71896
7,7,8,95212.224,-32125.44,63.086784
7,7,9,75332.352,-26530.56,48.801792
7,7,10,101644.08,-23281.92,78.36216
7,7,11,41986.416,-20484.48,21.501936
7,7,12,107769.12,-15340.8,92.42832
7,7,13,77394.336,-14618.88,62.775456
7,7,14,33192.528,-17055.36,16.137168
7,7,15,35879.424,-17867.52,18.011904
7,7,16,17077.92,-21206.4,-4.12848
7,7,17,9567.696,-25628.16,-16.060464
7,7,18,2982.432,-31313.28,-28.330848
7,7,19,0,-38712.96,-38.71296
7,7,20,0,-45390.72,-45.39072
7,7,21,0,-52970.88,-52.97088
7,7,22,0,-59919.36,-59.91936
7,7,23,0,-70296.96,-70.29696
7,8,0,0,-77606.4,-77.6064
7,8,1,0,-81486.72,-81.48672
7,8,2,0,-82930.56,-82.93056
7,8,3,410.592,-79952.64,-79.542048
7,8,4,1543.104,-67138.56,-65.595456
7,8,5,6068.64,-53873.28,-47.80464
7,8,6,31568.208,-42954.24,-11.386032
7,8,7,41402.112,-30230.4,11.171712
7,8,8,31875.024,-22920.96,8.954064
7,8,9,21468.096,-21477.12,-0.009024
7,8,10,79034.448,-18499.2,60.535248
7,8,11,74105.088,-13716.48,60.388608
7,8,12,57613.728,-11370.24,46.243488
7,8,13,71298.624,-11821.44,59.477184
7,8,14,43987.488,-11731.2,32.256288
7,8,15,12017.712,-13806.72,-1.789008
7,8,16,7819.296,-15882.24,-8.062944
7,8,17,7406.448,-18950.4,-11.543952
7,8,18,2468.064,-25086.72,-22.618656
7,8,19,0,-40427.52,-40.42752
7,8,20,0,-48458.88,-48.45888
7,8,21,0,-56670.72,-56.67072
7,8,22,0,-62716.8,-62.7168
7,8,23,0,-64792.32,-64.79232
7,9,0,0,-69936,-69.936
7,9,1,0,-77967.36,-77.96736
7,9,2,0,-83742.72,-83.74272
7,9,3,410.592,-87984,-87.573408
7,9,4,1646.88,-78508.8,-76.86192
7,9,5,16356,-56760.96,-40.40496
7,9,6,30828.24,-44307.84,-13.4796
7,9,7,58919.952,-32125.44,26.794512
7,9,8,54112.416,-23011.2,31.101216
7,9,9,46155.504,-14528.64,31.626864
7,9,10,50189.232,-10287.36,39.901872
7,9,11,107954.112,-4872.96,103.081152
7,9,12,107581.872,-541.44,107.040432
7,9,13,57994.992,4151.04,62.146032
7,9,14,50207.28,5865.6,56.07288
7,9,15,34419.792,7219.2,41.638992
7,9,16,12962.976,6136.32,19.099296
7,9,17,2880.912,-1534.08,1.346832
7,9,18,1852.176,-15521.28,-13.669104
7,9,19,0,-28335.36,-28.33536
7,9,20,0,-31584,-31.584
7,9,21,0,-30501.12,-30.50112
7,9,22,0,-32215.68,-32.21568
7,9,23,0,-31403.52,-31.40352
7,10,0,0,-31674.24,-31.67424
7,10,1,0,-32215.68,-32.21568
7,10,2,0,-31674.24,-31.67424
7,10,3,2262.768,-27703.68,-25.440912
7,10,4,1439.328,-22740.48,-21.301152
7,10,5,10391.136,-14077.44,-3.686304
7,10,6,35737.296,-2165.76,33.571536
7,10,7,16337.952,17596.8,33.934752
7,10,8,59249.328,33840,93.089328
7,10,9,71794.944,47376,119.170944
7,10,10,97010.256,58475.52,155.485776
7,10,11,125079.408,65694.72,190.774128
7,10,12,98627.808,70838.4,169.466208
7,10,13,73534.32,73996.8,147.53112
7,10,14,54705.744,77155.2,131.860944
7,10,15,35597.424,76794.24,112.391664
7,10,16,12241.056,72101.76,84.342816
7,10,17,6892.08,63077.76,69.96984
7,10,18,1953.696,52609.92,54.563616
7,10,19,0,43405.44,43.40544
7,10,20,0,19852.8,19.8528
7,10,21,0,6046.08,6.04608
7,10,22,0,4782.72,4.78272
7,10,23,0,2436.48,2.43648
7,11,0,0,-1082.88,-1.08288
7,11,1,0,-7760.64,-7.76064
7,11,2,0,-20845.44,-20.84544
7,11,3,309.072,-33208.32,-32.899248
7,11,4,1439.328,-41690.88,-40.251552
7,11,5,2880.912,-47105.28,-44.224368
7,11,6,8640.48,-47466.24,-38.82576
7,11,7,29118.192,-47556.48,-18.438288
7,11,8,27004.32,-43766.4,-16.76208
7,11,9,27275.04,-36366.72,-9.09168
7,11,10,19038.384,-36547.2,-17.508816
7,11,11,11476.272,-38171.52,-26.695248
7,11,12,16067.232,-38081.28,-22.014048
7,11,13,10127.184,-41329.92,-31.202736
7,11,14,16473.312,-42864,-26.390688
7,11,15,16877.136,-46834.56,-29.957424
7,11,16,2880.912,-48278.4,-45.397488
7,11,17,3395.28,-50173.44,-46.77816
7,11,18,1852.176,-52700.16,-50.847984
7,11,19,0,-55046.4,-55.0464
7,11,20,0,-56490.24,-56.49024
7,11,21,0,-58656,-58.656
7,11,22,0,-61724.16,-61.72416
7,11,23,0,-63980.16,-63.98016
7,12,0,0,-68131.2,-68.1312
7,12,1,0,-70206.72,-70.20672
7,12,2,0,-72192,-72.192
7,12,3,719.664,-73726.08,-73.006416
7,12,4,7715.52,-70748.16,-63.03264
7,12,5,15020.448,-60912,-45.891552
7,12,6,33754.272,-48458.88,-14.704608
7,12,7,68419.968,-39434.88,28.985088
7,12,8,99286.56,-28606.08,70.68048
7,12,9,80861.808,-23462.4,57.399408
7,12,10,69353.952,-18769.92,50.584032
7,12,11,101269.584,-14257.92,87.011664
7,12,12,67152.096,-12001.92,55.150176
7,12,13,30379.296,-10467.84,19.911456
7,12,14,50349.408,-8572.8,41.776608
7,12,15,37034.496,-11821.44,25.213056
7,12,16,15534.816,-15070.08,0.464736
7,12,17,7715.52,-20664.96,-12.94944
7,12,18,2675.616,-28606.08,-25.930464
7,12,19,0,-36456.96,-36.45696
7,12,20,0,-46744.32,-46.74432
7,12,21,0,-55317.12,-55.31712
7,12,22,0,-63348.48,-63.34848
7,12,23,0,-69665.28,-69.66528
7,13,0,0,-70748.16,-70.74816
7,13,1,0,-70477.44,-70.47744
7,13,2,0,-72823.68,-72.82368
7,13,3,309.072,-77064.96,-76.755888
7,13,4,1439.328,-72733.44,-71.294112
7,13,5,7715.52,-61272.96,-53.55744
7,13,6,36028.32,-50895.36,-14.86704
7,13,7,58938,-43495.68,15.44232
7,13,8,84577.44,-36276.48,48.30096
7,13,9,22009.536,-31493.76,-9.484224
7,13,10,30379.296,-23191.68,7.187616
7,13,11,23493.984,-16694.4,6.799584
7,13,12,21603.456,-14348.16,7.255296
7,13,13,51790.992,-9655.68,42.135312
7,13,14,49902.72,-8392.32,41.5104
7,13,15,36479.52,-10738.56,25.74096
7,13,16,16768.848,-16062.72,0.706128
7,13,17,9258.624,-19672.32,-10.413696
7,13,18,2468.064,-24184.32,-21.716256
7,13,19,0,-34742.4,-34.7424
7,13,20,0,-40968.96,-40.96896
7,13,21,0,-48007.68,-48.00768
7,13,22,0,-57212.16,-57.21216
7,13,23,0,-65514.24,-65.51424
7,14,0,0,-72282.24,-72.28224
7,14,1,0,-76162.56,-76.16256
7,14,2,0,-80584.32,-80.58432
7,14,3,309.072,-83562.24,-83.253168
7,14,4,7611.744,-70206.72,-62.594976
7,14,5,9669.216,-50353.92,-40.684704
7,14,6,34131.024,-31493.76,2.637264
7,14,7,63907.968,-21747.84,42.160128
7,14,8,99338.448,-9114.24,90.224208
7,14,9,114566.448,-2075.52,112.490928
7,14,10,115412.448,2165.76,117.578208
7,14,11,134976.48,5324.16,140.30064
7,14,12,102298.32,10197.12,112.49544
7,14,13,86379.984,12092.16,98.472144
7,14,14,26577.936,15611.52,42.189456
7,14,15,12421.536,15340.8,27.762336
7,14,16,16150.704,12272.64,28.423344
7,14,17,5967.12,8302.08,14.2692
7,14,18,1748.4,-4512,-2.7636
7,14,19,0,-11460.48,-11.46048
7,14,20,0,-30591.36,-30.59136
7,14,21,0,-43405.44,-43.40544
7,14,22,0,-46924.8,-46.9248
7,14,23,0,-53331.84,-53.33184
7,15,0,0,-59287.68,-59.28768
7,15,1,0,-63528.96,-63.52896
7,15,2,0,-68582.4,-68.5824
7,15,3,618.144,-68853.12,-68.234976
7,15,4,8744.256,-63168,-54.423744
7,15,5,12035.76,-35825.28,-23.78952
7,15,6,32075.808,-15160.32,16.915488
7,15,7,67885.296,-3068.16,64.817136
7,15,8,100858.992,9475.2,110.334192
7,15,9,85637.76,20935.68,106.57344
7,15,10,67328.064,26620.8,93.948864
7,15,11,68059.008,29328,97.387008
7,15,12,112493.184,32847.36,145.340544
7,15,13,73662.912,32847.36,106.510272
7,15,14,57462.576,31674.24,89.136816
7,15,15,32019.408,32125.44,64.144848
7,15,16,10287.36,31493.76,41.78112
7,15,17,7406.448,24725.76,32.132208
7,15,18,2468.064,14528.64,16.996704
7,15,19,0,2256,2.256
7,15,20,0,-9655.68,-9.65568
7,15,21,0,-18860.16,-18.86016
7,15,22,0,-22108.8,-22.1088
7,15,23,0,-27252.48,-27.25248
7,16,0,0,-33840,-33.84
7,16,1,0,-40608,-40.608
7,16,2,0,-44849.28,-44.84928
7,16,3,309.072,-49000.32,-48.691248
7,16,4,1337.808,-43405.44,-42.067632
7,16,5,11212.32,-26801.28,-15.58896
7,16,6,34789.776,-17867.52,16.922256
7,16,7,66766.32,-9565.44,57.20088
7,16,8,75521.856,-1082.88,74.438976
7,16,9,26329.776,1263.36,27.593136
7,16,10,16473.312,-4241.28,12.232032
7,16,11,32944.368,-1263.36,31.681008
7,16,12,60442.752,2977.92,63.420672
7,16,13,69340.416,-2526.72,66.813696
7,16,14,27525.456,-12182.4,15.343056
7,16,15,11072.448,-16694.4,-5.621952
7,16,16,12035.76,-18408.96,-6.3732
7,16,17,2777.136,-20123.52,-17.346384
7,16,18,309.072,-26350.08,-26.041008
7,16,19,0,-35825.28,-35.82528
7,16,20,0,-40517.76,-40.51776
7,16,21,0,-44307.84,-44.30784
7,16,22,0,-48910.08,-48.91008
7,16,23,0,-50534.4,-50.5344
7,17,0,0,-51888,-51.888
7,17,1,0,-53783.04,-53.78304
7,17,2,0,-57753.6,-57.7536
7,17,3,309.072,-58204.8,-57.895728
7,17,4,1337.808,-54144,-52.806192
7,17,5,4218.72,-45932.16,-41.71344
7,17,6,18767.664,-37088.64,-18.320976
7,17,7,21197.376,-27432.96,-6.235584
7,17,8,30243.936,-18860.16,11.383776
7,17,9,41851.056,-10558.08,31.292976
7,17,10,62759.664,-2887.68,59.871984
7,17,11,76936.368,4963.2,81.899568
7,17,12,123240.768,11009.28,134.250048
7,17,13,100258.896,11370.24,111.629136
7,17,14,68462.832,15340.8,83.803632
7,17,15,36168.192,11460.48,47.628672
7,17,16,10697.952,10197.12,20.895072
7,17,17,7510.224,8031.36,15.541584
7,17,18,2161.248,2887.68,5.048928
7,17,19,0,-12272.64,-12.27264
7,17,20,0,-23462.4,-23.4624
7,17,21,0,-33118.08,-33.11808
7,17,22,0,-38532.48,-38.53248
7,17,23,0,-42412.8,-42.4128
7,18,0,0,-44488.32,-44.48832
7,18,1,0,-46924.8,-46.9248
7,18,2,0,-48639.36,-48.63936
7,18,3,205.296,-51617.28,-51.411984
7,18,4,8333.664,-45210.24,-36.876576
7,18,5,11726.688,-20394.24,-8.667552
7,18,6,31807.344,-812.16,30.995184
7,18,7,67885.296,12001.92,79.887216
7,18,8,100105.488,24996.48,125.101968
7,18,9,124752.288,36456.96,161.209248
7,18,10,130732.944,44127.36,174.860304
7,18,11,124596.624,47827.2,172.423824
7,18,12,96965.136,50353.92,147.319056
7,18,13,97576.512,49632,147.208512
7,18,14,65579.664,50624.64,116.204304
7,18,15,35051.472,46383.36,81.434832
7,18,16,8744.256,42412.8,51.157056
7,18,17,7819.296,35735.04,43.554336
7,18,18,1953.696,24455.04,26.408736
7,18,19,0,15611.52,15.61152
7,18,20,0,6948.48,6.94848
7,18,21,0,-1082.88,-1.08288
7,18,22,0,-6948.48,-6.94848
7,18,23,0,-14438.4,-14.4384
7,19,0,0,-20845.44,-20.84544
7,19,1,0,-25989.12,-25.98912
7,19,2,0,-30410.88,-30.41088
7,19,3,205.296,-33569.28,-33.363984
7,19,4,7715.52,-27252.48,-19.53696
7,19,5,11625.168,-11550.72,0.074448
7,19,6,32836.08,5233.92,38.07
7,19,7,68268.816,26530.56,94.799376
7,19,8,99970.128,39705.6,139.675728
7,19,9,125350.128,46563.84,171.913968
7,19,10,107466.816,48549.12,156.015936
7,19,11,135554.016,52700.16,188.254176
7,19,12,78258.384,54595.2,132.853584
7,19,13,77701.152,57392.64,135.093792
7,19,14,69514.128,57843.84,127.357968
7,19,15,36195.264,57302.4,93.497664
7,19,16,8640.48,52880.64,61.52112
7,19,17,6377.712,43405.44,49.783152
7,19,18,2057.472,30862.08,32.919552
7,19,19,0,16965.12,16.96512
7,19,20,0,6768,6.768
7,19,21,0,-2616.96,-2.61696
7,19,22,0,-11640.96,-11.64096
7,19,23,0,-22018.56,-22.01856
7,20,0,0,-31493.76,-31.49376
7,20,1,0,-35825.28,-35.82528
7,20,2,0,-36817.92,-36.81792
7,20,3,205.296,-40337.28,-40.131984
7,20,4,3395.28,-37269.12,-33.87384
7,20,5,15636.336,-15250.56,0.385776
7,20,6,34532.592,4782.72,39.315312
7,20,7,50523.12,25628.16,76.15128
7,20,8,98889.504,40337.28,139.226784
7,20,9,124025.856,50985.6,175.011456
7,20,10,138811.68,57212.16,196.02384
7,20,11,122290.992,61543.68,183.834672
7,20,12,126992.496,63980.16,190.972656
7,20,13,102226.128,64792.32,167.018448
7,20,14,69604.368,61543.68,131.148048
7,20,15,35085.312,38622.72,73.708032
7,20,16,3086.208,31042.56,34.128768
7,20,17,2777.136,30501.12,33.278256
7,20,18,410.592,23101.44,23.512032
7,20,19,0,9475.2,9.4752
7,20,20,0,812.16,0.81216
7,20,21,0,-5775.36,-5.77536
7,20,22,0,-9294.72,-9.29472
7,20,23,0,-13716.48,-13.71648
7,21,0,0,-19040.64,-19.04064
7,21,1,0,-18318.72,-18.31872
7,21,2,0,-21386.88,-21.38688
7,21,3,205.296,-25898.88,-25.693584
7,21,4,1337.808,-29508.48,-28.170672
7,21,5,15020.448,-29688.96,-14.668512
7,21,6,12556.896,-26801.28,-14.244384
7,21,7,41246.448,-22289.28,18.957168
7,21,8,98429.28,-15792,82.63728
7,21,9,79772.16,-7850.88,71.92128
7,21,10,129185.328,270.72,129.456048
7,21,11,111739.68,4512,116.25168
7,21,12,82671.12,6497.28,89.1684
7,21,13,77832,8031.36,85.86336
7,21,14,68753.856,6948.48,75.702336
7,21,15,35811.744,5955.84,41.767584
7,21,16,15534.816,3609.6,19.144416
7,21,17,7097.376,-721.92,6.375456
7,21,18,1852.176,-9204.48,-7.352304
7,21,19,0,-17326.08,-17.32608
7,21,20,0,-27613.44,-27.61344
7,21,21,0,-34922.88,-34.92288
7,21,22,0,-39795.84,-39.79584
7,21,23,0,-46383.36,-46.38336
7,22,0,0,-52339.2,-52.3392
7,22,1,0,-58746.24,-58.74624
7,22,2,0,-63889.92,-63.88992
7,22,3,514.368,-68762.88,-68.248512
7,22,4,7611.744,-65604.48,-57.992736
7,22,5,9463.92,-45571.2,-36.10728
7,22,6,32921.808,-30230.4,2.691408
7,22,7,71199.36,-18408.96,52.7904
7,22,8,103945.2,-12543.36,91.40184
7,22,9,100157.376,-10738.56,89.418816
7,22,10,131267.616,-5865.6,125.402016
7,22,11,128991.312,-1263.36,127.727952
7,22,12,116653.248,1714.56,118.367808
7,22,13,101145.504,1714.56,102.860064
7,22,14,42554.928,5053.44,47.608368
7,22,15,37927.872,2977.92,40.905792
7,22,16,11212.32,-992.64,10.21968
7,22,17,6995.856,-7850.88,-0.855024
7,22,18,1748.4,-14799.36,-13.05096
7,22,19,0,-25357.44,-25.35744
7,22,20,0,-36817.92,-36.81792
7,22,21,0,-47105.28,-47.10528
7,22,22,0,-57031.68,-57.03168
7,22,23,0,-64972.8,-64.9728
7,23,0,0,-71470.08,-71.47008
7,23,1,0,-75169.92,-75.16992
7,23,2,0,-77877.12,-77.87712
7,23,3,205.296,-77425.92,-77.220624
7,23,4,2057.472,-72733.44,-70.675968
7,23,5,6172.416,-53692.8,-47.520384
7,23,6,17687.04,-40247.04,-22.56
7,23,7,30880.128,-36456.96,-5.576832
7,23,8,51048.768,-24274.56,26.774208
7,23,9,57065.52,-18228.48,38.83704
7,23,10,56517.312,-10377.6,46.139712
7,23,11,89540.64,-6226.56,83.31408
7,23,12,57940.848,-1534.08,56.406768
7,23,13,24574.608,-1534.08,23.040528
7,23,14,20387.472,-270.72,20.116752
7,23,15,20177.664,-3429.12,16.748544
7,23,16,10082.064,-6407.04,3.675024
7,23,17,5967.12,-10467.84,-4.50072
7,23,18,924.96,-17416.32,-16.49136
7,23,19,0,-28786.56,-28.78656
7,23,20,0,-37269.12,-37.26912
7,23,21,0,-45120,-45.12
7,23,22,0,-50444.16,-50.44416
7,23,23,0,-55948.8,-55.9488
7,24,0,0,-63077.76,-63.07776
7,24,1,0,-65784.96,-65.78496
7,24,2,0,-70296.96,-70.29696
7,24,3,103.776,-77425.92,-77.322144
7,24,4,7406.448,-71289.6,-63.883152
7,24,5,9978.288,-46924.8,-36.946512
7,24,6,33808.416,-25537.92,8.270496
7,24,7,69701.376,-11640.96,58.060416
7,24,8,94826.448,-270.72,94.555728
7,24,9,125553.168,8572.8,134.125968
7,24,10,138110.064,17326.08,155.436144
7,24,11,140390.88,23372.16,163.76304
7,24,12,127987.392,26350.08,154.337472
7,24,13,105325.872,28696.32,134.022192
7,24,14,72670.272,28606.08,101.276352
7,24,15,34839.408,30681.6,65.521008
7,24,16,11726.688,27884.16,39.610848
7,24,17,7201.152,20484.48,27.685632
7,24,18,1337.808,10287.36,11.625168
7,24,19,0,1804.8,1.8048
7,24,20,0,-7399.68,-7.39968
7,24,21,0,-13716.48,-13.71648
7,24,22,0,-17777.28,-17.77728
7,24,23,0,-20664.96,-20.66496
7,25,0,0,-26891.52,-26.89152
7,25,1,0,-32125.44,-32.12544
7,25,2,0,-36637.44,-36.63744
7,25,3,103.776,-40968.96,-40.865184
7,25,4,7611.744,-38081.28,-30.469536
7,25,5,11007.024,-23191.68,-12.184656
7,25,6,36452.448,-6768,29.684448
7,25,7,71675.376,6226.56,77.901936
7,25,8,106553.136,18499.2,125.052336
7,25,9,131222.496,26530.56,157.753056
7,25,10,144086.208,33930.24,178.016448
7,25,11,146725.728,38712.96,185.438688
7,25,12,132393.36,42412.8,174.80616
7,25,13,107432.976,44037.12,151.470096
7,25,14,73428.288,44849.28,118.277568
7,25,15,35419.2,42503.04,77.92224
7,25,16,10697.952,37720.32,48.418272
7,25,17,6686.784,29147.52,35.834304
7,25,18,1337.808,15431.04,16.768848
7,25,19,0,4060.8,4.0608
7,25,20,0,-8121.6,-8.1216
7,25,21,0,-20304,-20.304
7,25,22,0,-30501.12,-30.50112
7,25,23,0,-38622.72,-38.62272
7,26,0,0,-45571.2,-45.5712
7,26,1,0,-51617.28,-51.61728
7,26,2,0,-56941.44,-56.94144
7,26,3,0,-60370.56,-60.37056
7,26,4,7304.928,-56490.24,-49.185312
7,26,5,10391.136,-27342.72,-16.951584
7,26,6,34304.736,-4512,29.792736
7,26,7,71133.936,19672.32,90.806256
7,26,8,105380.016,34291.2,139.671216
7,26,9,129313.92,43224.96,172.53888
7,26,10,141823.44,51166.08,192.98952
7,26,11,145566.144,57753.6,203.319744
7,26,12,130999.152,62626.56,193.625712
7,26,13,105826.704,65875.2,171.701904
7,26,14,73191.408,67860.48,141.051888
7,26,15,36008.016,67319.04,103.327056
7,26,16,11212.32,63438.72,74.65104
7,26,17,6686.784,52880.64,59.567424
7,26,18,924.96,53512.32,54.43728
7,26,19,0,32666.88,32.66688
7,26,20,0,21296.64,21.29664
7,26,21,0,7309.44,7.30944
7,26,22,0,-721.92,-0.72192
7,26,23,0,-11280,-11.28
7,27,0,0,-20033.28,-20.03328
7,27,1,0,-27432.96,-27.43296
7,27,2,0,-26620.8,-26.6208
7,27,3,0,-25808.64,-25.80864
7,27,4,1132.512,-19491.84,-18.359328
7,27,5,10801.728,-7760.64,3.041088
7,27,6,31509.552,6316.8,37.826352
7,27,7,52088.784,14709.12,66.797904
7,27,8,39816.144,19672.32,59.488464
7,27,9,90515.232,24545.28,115.060512
7,27,10,137214.432,30140.16,167.354592
7,27,11,122931.696,36727.68,159.659376
7,27,12,59357.616,42503.04,101.860656
7,27,13,83388.528,44668.8,128.057328
7,27,14,67016.736,42773.76,109.790496
7,27,15,35317.68,41781.12,77.0988
7,27,16,9876.768,39525.12,49.401888
7,27,17,7510.224,34742.4,42.252624
7,27,18,205.296,22289.28,22.494576
7,27,19,0,15611.52,15.61152
7,27,20,0,3519.36,3.51936
7,27,21,0,-4692.48,-4.69248
7,27,22,0,-7399.68,-7.39968
7,27,23,0,-9475.2,-9.4752
7,28,0,0,-11009.28,-11.00928
7,28,1,0,-14979.84,-14.97984
7,28,2,0,-20664.96,-20.66496
7,28,3,0,-24996.48,-24.99648
7,28,4,3086.208,-22560,-19.473792
7,28,5,14402.304,-8753.28,5.649024
7,28,6,35049.216,8121.6,43.170816
7,28,7,52007.568,22830.72,74.838288
7,28,8,101741.088,42683.52,144.424608
7,28,9,125832.912,57843.84,183.676752
7,28,10,131430.048,69214.08,200.644128
7,28,11,136860.24,75260.16,212.1204
7,28,12,122992.608,80133.12,203.125728
7,28,13,104633.28,82750.08,187.38336
7,28,14,71747.568,86088.96,157.836528
7,28,15,28209.024,87893.76,116.102784
7,28,16,14812.896,85728,100.540896
7,28,17,7304.928,77335.68,84.640608
7,28,18,0,61904.64,61.90464
7,28,19,0,43495.68,43.49568
7,28,20,0,38261.76,38.26176
7,28,21,0,34922.88,34.92288
7,28,22,0,30140.16,30.14016
7,28,23,0,23011.2,23.0112
7,29,0,0,15160.32,15.16032
7,29,1,0,2797.44,2.79744
7,29,2,0,-2526.72,-2.52672
7,29,3,0,-5594.88,-5.59488
7,29,4,1337.808,-7309.44,-5.971632
7,29,5,14506.08,-2977.92,11.52816
7,29,6,5130.144,451.2,5.581344
7,29,7,63003.312,3609.6,66.612912
7,29,8,105465.744,9384.96,114.850704
7,29,9,131657.904,15250.56,146.908464
7,29,10,127513.632,26891.52,154.405152
7,29,11,128603.28,33659.52,162.2628
7,29,12,71519.712,37178.88,108.698592
7,29,13,89211.264,36727.68,125.938944
7,29,14,69972.096,33840,103.812096
7,29,15,37027.728,33659.52,70.687248
7,29,16,10697.952,30771.84,41.469792
7,29,17,6686.784,26981.76,33.668544
7,29,18,0,15431.04,15.43104
7,29,19,0,-902.4,-0.9024
7,29,20,0,-15160.32,-15.16032
7,29,21,0,-25989.12,-25.98912
7,29,22,0,-33118.08,-33.11808
7,29,23,0,-38261.76,-38.26176
7,30,0,0,-42773.76,-42.77376
7,30,1,0,-39615.36,-39.61536
7,30,2,0,-38171.52,-38.17152
7,30,3,0,-45932.16,-45.93216
7,30,4,1132.512,-50624.64,-49.492128
7,30,5,10082.064,-26801.28,-16.719216
7,30,6,37205.952,-3790.08,33.415872
7,30,7,74669.088,1714.56,76.383648
7,30,8,110133.408,11280,121.413408
7,30,9,135299.088,18138.24,153.437328
7,30,10,149660.784,23281.92,172.942704
7,30,11,151799.472,26620.8,178.420272
7,30,12,137200.896,28786.56,165.987456
7,30,13,111340.368,30410.88,141.751248
7,30,14,76710.768,30140.16,106.850928
7,30,15,38000.064,28064.64,66.064704
7,30,16,10905.504,23011.2,33.916704
7,30,17,5247.456,15792,21.039456
7,30,18,0,3158.4,3.1584
7,30,19,0,-8843.52,-8.84352
7,30,20,0,-19130.88,-19.13088
7,30,21,0,-30501.12,-30.50112
7,30,22,0,-39525.12,-39.52512
7,30,23,0,-44939.52,-44.93952
7,31,0,0,-50714.88,-50.71488
7,31,1,0,-59107.2,-59.1072
7,31,2,0,-67409.28,-67.40928
7,31,3,0,-73004.16,-73.00416
7,31,4,1028.736,-67499.52,-66.470784
7,31,5,13064.496,-47827.2,-34.762704
7,31,6,36096,-24996.48,11.09952
7,31,7,74193.072,-11189.76,63.003312
7,31,8,100428.096,-3158.4,97.269696
7,31,9,113849.04,3970.56,117.8196
7,31,10,133532.64,9926.4,143.45904
7,31,11,113961.84,13987.2,127.94904
7,31,12,116206.56,16694.4,132.90096
7,31,13,59037.264,16513.92,75.551184
7,31,14,66527.184,11009.28,77.536464
7,31,15,28540.656,9475.2,38.015856
7,31,16,11212.32,5775.36,16.98768
7,31,17,4834.608,2526.72,7.361328
7,31,18,0,-4692.48,-4.69248
7,31,19,0,-11009.28,-11.00928
7,31,20,0,-17416.32,-17.41632
7,31,21,0,-25808.64,-25.80864
7,31,22,0,-32035.2,-32.0352
7,31,23,0,-38712.96,-38.71296
8,1,0,0,-44217.6,-44.2176
8,1,1,0,-48007.68,-48.00768
8,1,2,0,-52068.48,-52.06848
8,1,3,0,-55136.64,-55.13664
8,1,4,1028.736,-53151.36,-52.122624
8,1,5,4320.24,-44939.52,-40.61928
8,1,6,22578.048,-35825.28,-13.247232
8,1,7,44574.048,-28064.64,16.509408
8,1,8,49557.552,-17055.36,32.502192
8,1,9,85892.688,-6587.52,79.305168
8,1,10,47942.256,3970.56,51.912816
8,1,11,143693.664,12272.64,155.966304
8,1,12,121420.176,20845.44,142.265616
8,1,13,97876.56,28696.32,126.57288
8,1,14,69536.688,33749.76,103.286448
8,1,15,38167.008,35283.84,73.450848
8,1,16,10183.584,32937.6,43.121184
8,1,17,6790.56,25447.68,32.23824
8,1,18,0,12453.12,12.45312
8,1,19,0,-5865.6,-5.8656
8,1,20,0,-20123.52,-20.12352
8,1,21,0,-29869.44,-29.86944
8,1,22,0,-40337.28,-40.33728
8,1,23,0,-48549.12,-48.54912
8,2,0,0,-48188.16,-48.18816
8,2,1,0,-40788.48,-40.78848
8,2,2,0,-45932.16,-45.93216
8,2,3,0,-51527.04,-51.52704
8,2,4,6276.192,-54956.16,-48.679968
8,2,5,8640.48,-44939.52,-36.29904
8,2,6,37072.848,-18589.44,18.483408
8,2,7,76072.32,1714.56,77.78688
8,2,8,108143.616,18769.92,126.913536
8,2,9,135249.456,31584,166.833456
8,2,10,150021.744,39525.12,189.546864
8,2,11,146640,46112.64,192.75264
8,2,12,133850.736,50714.88,184.565616
8,2,13,103475.952,53873.28,157.349232
8,2,14,77058.192,54685.44,131.743632
8,2,15,39288.24,54144,93.43224
8,2,16,10801.728,51256.32,62.058048
8,2,17,5863.344,43495.68,49.359024
8,2,18,0,28606.08,28.60608
8,2,19,0,13536,13.536
8,2,20,0,5865.6,5.8656
8,2,21,0,812.16,0.81216
8,2,22,0,-1804.8,-1.8048
8,2,23,0,-4151.04,-4.15104
8,3,0,0,-5955.84,-5.95584
8,3,1,0,-10287.36,-10.28736
8,3,2,0,-12182.4,-12.1824
8,3,3,0,-12001.92,-12.00192
8,3,4,3496.8,-12723.84,-9.22704
8,3,5,11521.392,-9204.48,2.316912
8,3,6,35211.648,-4421.76,30.789888
8,3,7,30474.048,9655.68,40.129728
8,3,8,55768.32,21567.36,77.33568
8,3,9,54656.112,37449.6,92.105712
8,3,10,23493.984,44398.08,67.892064
8,3,11,58511.616,49000.32,107.511936
8,3,12,54805.008,51346.56,106.151568
8,3,13,29616.768,53512.32,83.129088
8,3,14,13637.52,54865.92,68.50344
8,3,15,7830.576,45480.96,53.311536
8,3,16,13373.568,26891.52,40.265088
8,3,17,1543.104,9024,10.567104
8,3,18,0,180.48,0.18048
8,3,19,0,-5685.12,-5.68512
8,3,20,0,-10467.84,-10.46784
8,3,21,0,-13896.96,-13.89696
8,3,22,0,-14889.6,-14.8896
8,3,23,0,-16062.72,-16.06272
8,4,0,0,-17326.08,-17.32608
8,4,1,0,-19582.08,-19.58208
8,4,2,0,-21206.4,-21.2064
8,4,3,0,-24996.48,-24.99648
8,4,4,924.96,-25176.96,-24.252
8,4,5,2262.768,-19762.56,-17.499792
8,4,6,4861.68,-11460.48,-6.5988
8,4,7,8911.2,-10016.64,-1.10544
8,4,8,21197.376,-10919.04,10.278336
8,4,9,17957.76,-8392.32,9.56544
8,4,10,16608.672,-6948.48,9.660192
8,4,11,16067.232,-7850.88,8.216352
8,4,12,11611.632,-8392.32,3.219312
8,4,13,14041.344,-7580.16,6.461184
8,4,14,7562.112,-7941.12,-0.379008
8,4,15,15528.048,-8843.52,6.684528
8,4,16,7097.376,-11460.48,-4.363104
8,4,17,2262.768,-13445.76,-11.182992
8,4,18,0,-19130.88,-19.13088
8,4,19,0,-26891.52,-26.89152
8,4,20,0,-32486.4,-32.4864
8,4,21,0,-35825.28,-35.82528
8,4,22,0,-37900.8,-37.9008
8,4,23,0,-39795.84,-39.79584
8,5,0,0,-43495.68,-43.49568
8,5,1,0,-47285.76,-47.28576
8,5,2,0,-50444.16,-50.44416
8,5,3,0,-55678.08,-55.67808
8,5,4,1852.176,-58475.52,-56.623344
8,5,5,6068.64,-54144,-48.07536
8,5,6,22923.216,-44488.32,-21.565104
8,5,7,36486.288,-37359.36,-0.873072
8,5,8,108976.08,-22740.48,86.2356
8,5,9,88581.84,-8302.08,80.27976
8,5,10,129844.08,3880.32,133.7244
8,5,11,152952.288,13355.52,166.307808
8,5,12,137004.624,20304,157.308624
8,5,13,108782.064,24996.48,133.778544
8,5,14,77816.208,27252.48,105.068688
8,5,15,38435.472,26981.76,65.417232
8,5,16,9362.4,23823.36,33.18576
8,5,17,5554.272,16423.68,21.977952
8,5,18,0,4151.04,4.15104
8,5,19,0,-8482.56,-8.48256
8,5,20,0,-19040.64,-19.04064
8,5,21,0,-26440.32,-26.44032
8,5,22,0,-30681.6,-30.6816
8,5,23,0,-33208.32,-33.20832
8,6,0,0,-36547.2,-36.5472
8,6,1,0,-40156.8,-40.1568
8,6,2,0,-43315.2,-43.3152
8,6,3,0,-45120,-45.12
8,6,4,823.44,-42773.76,-41.95032
8,6,5,12035.76,-29688.96,-17.6532
8,6,6,32141.232,-13806.72,18.334512
8,6,7,73649.376,-270.72,73.378656
8,6,8,108265.44,14077.44,122.34288
8,6,9,134832.096,25808.64,160.640736
8,6,10,147402.528,37088.64,184.491168
8,6,11,149737.488,45661.44,195.398928
8,6,12,135305.856,52519.68,187.825536
8,6,13,108389.52,57121.92,165.51144
8,6,14,76083.6,59468.16,135.55176
8,6,15,38746.8,61272.96,100.01976
8,6,16,10492.656,56851.2,67.343856
8,6,17,5761.824,48729.6,54.491424
8,6,18,0,34742.4,34.7424
8,6,19,0,28876.8,28.8768
8,6,20,0,22108.8,22.1088
8,6,21,0,16694.4,16.6944
8,6,22,0,12453.12,12.45312
8,6,23,0,8121.6,8.1216
8,7,0,0,3790.08,3.79008
8,7,1,0,-1804.8,-1.8048
8,7,2,0,-6677.76,-6.67776
8,7,3,0,-11280,-11.28
8,7,4,4424.016,-12633.6,-8.209584
8,7,5,10697.952,-1263.36,9.434592
8,7,6,38439.984,16604.16,55.044144
8,7,7,75246.624,31493.76,106.740384
8,7,8,110352.24,47556.48,157.90872
8,7,9,134234.256,61363.2,195.597456
8,7,10,144309.552,72101.76,216.411312
8,7,11,141821.184,78508.8,220.329984
8,7,12,99018.096,82208.64,181.226736
8,7,13,99992.688,84103.68,184.096368
8,7,14,76920.576,83742.72,160.663296
8,7,15,38929.536,80674.56,119.604096
8,7,16,9978.288,73365.12,83.343408
8,7,17,5554.272,61363.2,66.917472
8,7,18,0,46744.32,46.74432
8,7,19,0,42593.28,42.59328
8,7,20,0,32937.6,32.9376
8,7,21,0,24996.48,24.99648
8,7,22,0,17235.84,17.23584
8,7,23,0,11280,11.28
8,8,0,0,5414.4,5.4144
8,8,1,0,-180.48,-0.18048
8,8,2,0,-4331.52,-4.33152
8,8,3,0,-7941.12,-7.94112
8,8,4,5143.68,-8572.8,-3.42912
8,8,5,10801.728,5685.12,16.486848
8,8,6,38884.416,24635.52,63.519936
8,8,7,76482.912,42593.28,119.076192
8,8,8,110983.92,57482.88,168.4668
8,8,9,136997.856,71018.88,208.016736
8,8,10,144135.84,78599.04,222.73488
8,8,11,148456.08,82930.56,231.38664
8,8,12,133250.64,86269.44,219.52008
8,8,13,107322.432,87893.76,195.216192
8,8,14,77410.128,88525.44,165.935568
8,8,15,39243.12,87352.32,126.59544
8,8,16,9362.4,83291.52,92.65392
8,8,17,5348.976,72011.52,77.360496
8,8,18,0,56219.52,56.21952
8,8,19,0,45751.68,45.75168
8,8,20,0,34291.2,34.2912
8,8,21,0,25086.72,25.08672
8,8,22,0,16874.88,16.87488
8,8,23,0,9024,9.024
8,9,0,0,-360.96,-0.36096
8,9,1,0,-4241.28,-4.24128
8,9,2,0,-541.44,-0.54144
8,9,3,0,5865.6,5.8656
8,9,4,5247.456,2887.68,8.135136
8,9,5,11212.32,8031.36,19.24368
8,9,6,39326.592,30320.64,69.647232
8,9,7,76755.888,47195.52,123.951408
8,9,8,106271.136,61994.88,168.266016
8,9,9,134015.424,74989.44,209.004864
8,9,10,118855.104,82389.12,201.244224
8,9,11,93384.864,85908.48,179.293344
8,9,12,133496.544,56129.28,189.625824
8,9,13,101763.648,57573.12,159.336768
8,9,14,19848.288,60460.8,80.309088
8,9,15,7830.576,63799.68,71.630256
8,9,16,12344.832,61543.68,73.888512
8,9,17,4834.608,56129.28,60.963888
8,9,18,0,44307.84,44.30784
8,9,19,0,31403.52,31.40352
8,9,20,0,25628.16,25.62816
8,9,21,0,19672.32,19.67232
8,9,22,0,13716.48,13.71648
8,9,23,0,5143.68,5.14368
8,10,0,0,-4692.48,-4.69248
8,10,1,0,-13084.8,-13.0848
8,10,2,0,-20484.48,-20.48448
8,10,3,0,-25898.88,-25.89888
8,10,4,5039.904,-26079.36,-21.039456
8,10,5,9567.696,-7760.64,1.807056
8,10,6,40046.256,12994.56,53.040816
8,10,7,78172.656,31042.56,109.215216
8,10,8,114640.896,46022.4,160.663296
8,10,9,139932.912,58204.8,198.137712
8,10,10,133895.856,66416.64,200.312496
8,10,11,131897.04,69033.6,200.93064
8,10,12,105616.896,73816.32,179.433216
8,10,13,59195.184,74718.72,133.913904
8,10,14,54209.424,73996.8,128.206224
8,10,15,40147.776,68221.44,108.369216
8,10,16,9463.92,63799.68,73.2636
8,10,17,4938.384,55858.56,60.796944
8,10,18,0,43224.96,43.22496
8,10,19,0,33118.08,33.11808
8,10,20,0,20935.68,20.93568
8,10,21,0,12182.4,12.1824
8,10,22,0,4963.2,4.9632
8,10,23,0,-1624.32,-1.62432
8,11,0,0,-6226.56,-6.22656
8,11,1,0,-11009.28,-11.00928
8,11,2,0,-15882.24,-15.88224
8,11,3,0,-19401.6,-19.4016
8,11,4,4938.384,-19943.04,-15.004656
8,11,5,8640.48,-5685.12,2.95536
8,11,6,40650.864,11460.48,52.111344
8,11,7,78714.096,27162.24,105.876336
8,11,8,111518.592,41781.12,153.299712
8,11,9,139240.32,53331.84,192.57216
8,11,10,131709.792,60370.56,192.080352
8,11,11,137864.16,64250.88,202.11504
8,11,12,130202.784,64882.56,195.085344
8,11,13,111629.136,66236.16,177.865296
8,11,14,76343.04,63258.24,139.60128
8,11,15,40592.208,59648.64,100.240848
8,11,16,9463.92,52158.72,61.62264
8,11,17,4733.088,40968.96,45.702048
8,11,18,0,26440.32,26.44032
8,11,19,0,14799.36,14.79936
8,11,20,0,4060.8,4.0608
8,11,21,0,-5594.88,-5.59488
8,11,22,0,-13626.24,-13.62624
8,11,23,0,-20755.2,-20.7552
8,12,0,0,-27072,-27.072
8,12,1,0,-33208.32,-33.20832
8,12,2,0,-38803.2,-38.8032
8,12,3,0,-44127.36,-44.12736
8,12,4,4424.016,-47105.28,-42.681264
8,12,5,8024.592,-36817.92,-28.793328
8,12,6,42065.376,-17055.36,25.010016
8,12,7,82614.72,-2256,80.35872
8,12,8,118688.16,13355.52,132.04368
8,12,9,145090.128,24003.84,169.093968
8,12,10,158310.288,31132.8,189.443088
8,12,11,158283.216,36547.2,194.830416
8,12,12,145006.656,41329.92,186.336576
8,12,13,116921.712,44398.08,161.319792
8,12,14,82569.6,45210.24,127.77984
8,12,15,41758.56,43856.64,85.6152
8,12,16,8744.256,39705.6,48.449856
8,12,17,4629.312,30771.84,35.401152
8,12,18,0,16243.2,16.2432
8,12,19,0,5865.6,5.8656
8,12,20,0,-8211.84,-8.21184
8,12,21,0,-19943.04,-19.94304
8,12,22,0,-29959.68,-29.95968
8,12,23,0,-39615.36,-39.61536
8,13,0,0,-46293.12,-46.29312
8,13,1,0,-49180.8,-49.1808
8,13,2,0,-49271.04,-49.27104
8,13,3,0,-53963.52,-53.96352
8,13,4,4525.536,-60190.08,-55.664544
8,13,5,8949.552,-43585.92,-34.636368
8,13,6,42306.768,-13536,28.770768
8,13,7,82319.184,5053.44,87.372624
8,13,8,118200.864,24725.76,142.926624
8,13,9,140650.32,38983.68,179.634
8,13,10,148808.016,47105.28,195.913296
8,13,11,144120.048,53422.08,197.542128
8,13,12,126304.416,55768.32,182.072736
8,13,13,84405.984,57934.08,142.340064
8,13,14,66601.632,57753.6,124.355232
8,13,15,36596.832,55317.12,91.913952
8,13,16,10082.064,51707.52,61.789584
8,13,17,4525.536,44668.8,49.194336
8,13,18,0,26079.36,26.07936
8,13,19,0,12633.6,12.6336
8,13,20,0,3519.36,3.51936
8,13,21,0,-3790.08,-3.79008
8,13,22,0,-11009.28,-11.00928
8,13,23,0,-18408.96,-18.40896
8,14,0,0,-25628.16,-25.62816
8,14,1,0,-34381.44,-34.38144
8,14,2,0,-43766.4,-43.7664
8,14,3,0,-51707.52,-51.70752
8,14,4,4424.016,-55226.88,-50.802864
8,14,5,9258.624,-40156.8,-30.898176
8,14,6,42606.816,-16333.44,26.273376
8,14,7,82025.904,6948.48,88.974384
8,14,8,117539.856,26259.84,143.799696
8,14,9,142563.408,42683.52,185.246928
8,14,10,151501.68,53331.84,204.83352
8,14,11,140072.784,59558.4,199.631184
8,14,12,135244.944,63889.92,199.134864
8,14,13,111038.064,65604.48,176.642544
8,14,14,76331.76,66777.6,143.10936
8,14,15,41729.232,65063.04,106.792272
8,14,16,9463.92,60551.04,70.01496
8,14,17,4320.24,49541.76,53.862
8,14,18,0,32937.6,32.9376
8,14,19,0,26981.76,26.98176
8,14,20,0,21025.92,21.02592
8,14,21,0,14799.36,14.79936
8,14,22,0,8843.52,8.84352
8,14,23,0,2256,2.256
8,15,0,0,-4602.24,-4.60224
8,15,1,0,-11009.28,-11.00928
8,15,2,0,-15701.76,-15.70176
8,15,3,0,-18860.16,-18.86016
8,15,4,618.144,-22740.48,-22.122336
8,15,5,7920.816,-19401.6,-11.480784
8,15,6,43148.256,-6768,36.380256
8,15,7,83598.336,7941.12,91.539456
8,15,8,119644.704,27523.2,147.167904
8,15,9,146035.392,40427.52,186.462912
8,15,10,158953.248,48819.84,207.773088
8,15,11,158892.336,53512.32,212.404656
8,15,12,144151.632,56670.72,200.822352
8,15,13,117984.288,58024.32,176.008608
8,15,14,82431.984,58385.28,140.817264
8,15,15,42469.2,56129.28,98.59848
8,15,16,8640.48,51888,60.52848
8,15,17,4114.944,42412.8,46.527744
8,15,18,0,27613.44,27.61344
8,15,19,0,13445.76,13.44576
8,15,20,0,3068.16,3.06816
8,15,21,0,-6587.52,-6.58752
8,15,22,0,-16604.16,-16.60416
8,15,23,0,-27252.48,-27.25248
8,16,0,0,-37991.04,-37.99104
8,16,1,0,-46834.56,-46.83456
8,16,2,0,-53602.56,-53.60256
8,16,3,0,-58385.28,-58.38528
8,16,4,4114.944,-60551.04,-56.436096
8,16,5,8538.96,-45210.24,-36.67128
8,16,6,44418.384,-11640.96,32.777424
8,16,7,84516.528,7941.12,92.457648
8,16,8,120614.784,24635.52,145.250304
8,16,9,146021.856,37269.12,183.290976
8,16,10,159663.888,48007.68,207.671568
8,16,11,159589.44,56309.76,215.8992
8,16,12,144596.064,61633.92,206.229984
8,16,13,117178.896,65063.04,182.241936
8,16,14,82662.096,66236.16,148.898256
8,16,15,43006.128,64972.8,107.978928
8,16,16,8848.032,60641.28,69.489312
8,16,17,3909.648,49271.04,53.180688
8,16,18,0,32847.36,32.84736
8,16,19,0,18048,18.048
8,16,20,0,6407.04,6.40704
8,16,21,0,-2526.72,-2.52672
8,16,22,0,-11640.96,-11.64096
8,16,23,0,-20935.68,-20.93568
8,17,0,0,-28154.88,-28.15488
8,17,1,0,-34742.4,-34.7424
8,17,2,0,-40156.8,-40.1568
8,17,3,0,-45120,-45.12
8,17,4,514.368,-48368.64,-47.854272
8,17,5,8744.256,-35464.32,-26.720064
8,17,6,27848.064,-4963.2,22.884864
8,17,7,36840.48,5865.6,42.70608
8,17,8,95979.264,13175.04,109.154304
8,17,9,90813.024,34922.88,125.735904
8,17,10,142543.104,50985.6,193.528704
8,17,11,102715.68,65333.76,168.04944
8,17,12,137437.776,71831.04,209.268816
8,17,13,26598.24,71560.32,98.15856
8,17,14,15796.512,73455.36,89.251872
8,17,15,39985.344,70477.44,110.462784
8,17,16,11007.024,61363.2,72.370224
8,17,17,514.368,49632,50.146368
8,17,18,0,35464.32,35.46432
8,17,19,0,24094.08,24.09408
8,17,20,0,14438.4,14.4384
8,17,21,0,5594.88,5.59488
8,17,22,0,-1985.28,-1.98528
8,17,23,0,-7489.92,-7.48992
8,18,0,0,-11640.96,-11.64096
8,18,1,0,-14257.92,-14.25792
8,18,2,0,-15792,-15.792
8,18,3,0,-21025.92,-21.02592
8,18,4,1028.736,-26079.36,-25.050624
8,18,5,9567.696,-14799.36,-5.231664
8,18,6,16597.392,-2075.52,14.521872
8,18,7,24274.56,5233.92,29.50848
8,18,8,51163.824,16965.12,68.128944
8,18,9,62676.192,22650.24,85.326432
8,18,10,123572.4,28154.88,151.72728
8,18,11,138965.088,36276.48,175.241568
8,18,12,111893.088,42412.8,154.305888
8,18,13,91643.232,43585.92,135.229152
8,18,14,75314.304,44759.04,120.073344
8,18,15,26492.208,45029.76,71.521968
8,18,16,6686.784,38983.68,45.670464
8,18,17,2777.136,32305.92,35.083056
8,18,18,0,23101.44,23.10144
8,18,19,0,14348.16,14.34816
8,18,20,0,5865.6,5.8656
8,18,21,0,-812.16,-0.81216
8,18,22,0,-8753.28,-8.75328
8,18,23,0,-16333.44,-16.33344
8,19,0,0,-22920.96,-22.92096
8,19,1,0,-28876.8,-28.8768
8,19,2,0,-34381.44,-34.38144
8,19,3,0,-37991.04,-37.99104
8,19,4,514.368,-41329.92,-40.815552
8,19,5,7819.296,-31403.52,-23.584224
8,19,6,39994.368,-15882.24,24.112128
8,19,7,60440.496,-5053.44,55.387056
8,19,8,97346.4,8121.6,105.468
8,19,9,125541.888,18860.16,144.402048
8,19,10,75054.864,28335.36,103.390224
8,19,11,63795.168,29779.2,93.574368
8,19,12,49733.52,30862.08,80.5956
8,19,13,72205.536,26350.08,98.555616
8,19,14,43633.296,26259.84,69.893136
8,19,15,23927.136,27884.16,51.811296
8,19,16,10391.136,24364.8,34.755936
8,19,17,1439.328,19943.04,21.382368
8,19,18,0,14167.68,14.16768
8,19,19,0,7489.92,7.48992
8,19,20,0,1714.56,1.71456
8,19,21,0,-4963.2,-4.9632
8,19,22,0,-10377.6,-10.3776
8,19,23,0,-15431.04,-15.43104
8,20,0,0,-16874.88,-16.87488
8,20,1,0,-20755.2,-20.7552
8,20,2,0,-23191.68,-23.19168
8,20,3,0,-25718.4,-25.7184
8,20,4,3395.28,-28967.04,-25.57176
8,20,5,8538.96,-22920.96,-14.382
8,20,6,44393.568,-9926.4,34.467168
8,20,7,83647.968,4512,88.159968
8,20,8,120689.232,19943.04,140.632272
8,20,9,143149.968,30771.84,173.921808
8,20,10,138994.416,38983.68,177.978096
8,20,11,150445.872,45841.92,196.287792
8,20,12,136966.272,49812.48,186.778752
8,20,13,111556.944,52519.68,164.076624
8,20,14,79690.944,55407.36,135.098304
8,20,15,41984.16,55678.08,97.66224
8,20,16,8538.96,52970.88,61.50984
8,20,17,2982.432,45210.24,48.192672
8,20,18,0,32937.6,32.9376
8,20,19,0,21928.32,21.92832
8,20,20,0,6948.48,6.94848
8,20,21,0,-5955.84,-5.95584
8,20,22,0,-12362.88,-12.36288
8,20,23,0,-14167.68,-14.16768
8,21,0,0,-16604.16,-16.60416
8,21,1,0,-24725.76,-24.72576
8,21,2,0,-37088.64,-37.08864
8,21,3,0,-43946.88,-43.94688
8,21,4,3189.984,-46744.32,-43.554336
8,21,5,8538.96,-28245.12,-19.70616
8,21,6,45526.08,1804.8,47.33088
8,21,7,84327.024,25718.4,110.045424
8,21,8,120359.856,45120,165.479856
8,21,9,145182.624,60099.84,205.282464
8,21,10,156645.36,70387.2,227.03256
8,21,11,158197.488,77155.2,235.352688
8,21,12,143919.264,82028.16,225.947424
8,21,13,116188.512,85096.32,201.284832
8,21,14,81062.592,86449.92,167.512512
8,21,15,42737.664,85908.48,128.646144
8,21,16,7819.296,82298.88,90.118176
8,21,17,2777.136,71289.6,74.066736
8,21,18,0,54775.68,54.77568
8,21,19,0,40427.52,40.42752
8,21,20,0,30140.16,30.14016
8,21,21,0,23462.4,23.4624
8,21,22,0,18950.4,18.9504
8,21,23,0,14257.92,14.25792
8,22,0,0,9655.68,9.65568
8,22,1,0,5324.16,5.32416
8,22,2,0,451.2,0.4512
8,22,3,0,-4241.28,-4.24128
8,22,4,2880.912,-7309.44,-4.428528
8,22,5,8333.664,631.68,8.965344
8,22,6,45250.848,22379.52,67.630368
8,22,7,83957.04,38622.72,122.57976
8,22,8,119793.6,57663.36,177.45696
8,22,9,144363.696,66958.08,211.321776
8,22,10,155779.056,83111.04,238.890096
8,22,11,157132.656,95022.72,252.155376
8,22,12,140260.032,101610.24,241.870272
8,22,13,113964.096,96737.28,210.701376
8,22,14,59499.744,69214.08,128.713824
8,22,15,11207.808,67319.04,78.526848
8,22,16,1748.4,64070.4,65.8188
8,22,17,924.96,57031.68,57.95664
8,22,18,0,47195.52,47.19552
8,22,19,0,19762.56,19.76256
8,22,20,0,14348.16,14.34816
8,22,21,0,9384.96,9.38496
8,22,22,0,4602.24,4.60224
8,22,23,0,2526.72,2.52672
8,23,0,0,-270.72,-0.27072
8,23,1,0,-4151.04,-4.15104
8,23,2,0,-6858.24,-6.85824
8,23,3,0,-10106.88,-10.10688
8,23,4,924.96,-13536,-12.61104
8,23,5,6995.856,-12182.4,-5.186544
8,23,6,13772.88,-10377.6,3.39528
8,23,7,19173.744,-7580.16,11.593584
8,23,8,16067.232,-3068.16,12.999072
8,23,9,14718.144,2436.48,17.154624
8,23,10,66874.608,6858.24,73.732848
8,23,11,97172.688,15521.28,112.693968
8,23,12,124993.68,30230.4,155.22408
8,23,13,77640.24,35374.08,113.01432
8,23,14,33659.52,37810.56,71.47008
8,23,15,11207.808,36096,47.303808
8,23,16,6892.08,30681.6,37.57368
8,23,17,410.592,25086.72,25.497312
8,23,18,0,15070.08,15.07008
8,23,19,0,-631.68,-0.63168
8,23,20,0,-6497.28,-6.49728
8,23,21,0,-11640.96,-11.64096
8,23,22,0,-16874.88,-16.87488
8,23,23,0,-21838.08,-21.83808
8,24,0,0,-24725.76,-24.72576
8,24,1,0,-28425.6,-28.4256
8,24,2,0,-28876.8,-28.8768
8,24,3,0,-32396.16,-32.39616
8,24,4,410.592,-35283.84,-34.873248
8,24,5,3496.8,-28876.8,-25.38
8,24,6,22803.648,-16152.96,6.650688
8,24,7,86179.2,-4692.48,81.48672
8,24,8,125981.808,8482.56,134.464368
8,24,9,149945.04,20574.72,170.51976
8,24,10,143957.616,27523.2,171.480816
8,24,11,138676.32,32757.12,171.43344
8,24,12,98237.52,37991.04,136.22856
8,24,13,92308.752,38171.52,130.480272
8,24,14,47089.488,32757.12,79.846608
8,24,15,33427.152,29688.96,63.116112
8,24,16,9258.624,24274.56,33.533184
8,24,17,2161.248,15701.76,17.863008
8,24,18,0,992.64,0.99264
8,24,19,0,-9114.24,-9.11424
8,24,20,0,-19762.56,-19.76256
8,24,21,0,-28696.32,-28.69632
8,24,22,0,-35915.52,-35.91552
8,24,23,0,-37810.56,-37.81056
8,25,0,0,-38983.68,-38.98368
8,25,1,0,-41690.88,-41.69088
8,25,2,0,-44488.32,-44.48832
8,25,3,0,-44217.6,-44.2176
8,25,4,618.144,-42864,-42.245856
8,25,5,3189.984,-35735.04,-32.545056
8,25,6,4590.96,-27432.96,-22.842
8,25,7,22356.96,-15882.24,6.47472
8,25,8,58998.912,-6497.28,52.501632
8,25,9,146892.672,3970.56,150.863232
8,25,10,88651.776,14799.36,103.451136
8,25,11,76160.304,22650.24,98.810544
8,25,12,62159.568,25718.4,87.877968
8,25,13,98783.472,20664.96,119.448432
8,25,14,76566.384,21477.12,98.043504
8,25,15,36193.008,20123.52,56.316528
8,25,16,8229.888,15882.24,24.112128
8,25,17,1852.176,7580.16,9.432336
8,25,18,0,-3519.36,-3.51936
8,25,19,0,-13175.04,-13.17504
8,25,20,0,-26620.8,-26.6208
8,25,21,0,-38712.96,-38.71296
8,25,22,0,-50263.68,-50.26368
8,25,23,0,-58656,-58.656
8,26,0,0,-63709.44,-63.70944
8,26,1,0,-64611.84,-64.61184
8,26,2,0,-60912,-60.912
8,26,3,0,-58475.52,-58.47552
8,26,4,309.072,-53783.04,-53.473968
8,26,5,2161.248,-42503.04,-40.341792
8,26,6,17903.616,-24906.24,-7.002624
8,26,7,74409.648,-14618.88,59.790768
8,26,8,32851.872,5143.68,37.995552
8,26,9,30503.376,24816,55.319376
8,26,10,161906.352,29959.68,191.866032
8,26,11,161040.048,26259.84,187.299888
8,26,12,38591.136,40337.28,78.928416
8,26,13,27383.328,21206.4,48.589728
8,26,14,7020.672,16604.16,23.624832
8,26,15,12827.616,13355.52,26.183136
8,26,16,1646.88,-8843.52,-7.19664
8,26,17,1543.104,-21116.16,-19.573056
8,26,18,0,-26891.52,-26.89152
8,26,19,0,-33930.24,-33.93024
8,26,20,0,-34200.96,-34.20096
8,26,21,0,-31854.72,-31.85472
8,26,22,0,-32486.4,-32.4864
8,26,23,0,-33479.04,-33.47904
8,27,0,0,-34561.92,-34.56192
8,27,1,0,-38893.44,-38.89344
8,27,2,0,-41961.6,-41.9616
8,27,3,0,-42412.8,-42.4128
8,27,4,719.664,-41961.6,-41.241936
8,27,5,11408.592,-42322.56,-30.913968
8,27,6,6210.768,-41600.64,-35.389872
8,27,7,15121.968,-35013.12,-19.891152
8,27,8,27117.12,-30320.64,-3.20352
8,27,9,27004.32,-24094.08,2.91024
8,27,10,19712.928,-16694.4,3.018528
8,27,11,39741.696,-17687.04,22.054656
8,27,12,14041.344,-27072,-13.030656
8,27,13,46841.328,-27432.96,19.408368
8,27,14,11207.808,-21747.84,-10.540032
8,27,15,15275.376,-15340.8,-0.065424
8,27,16,8333.664,-17596.8,-9.263136
8,27,17,1337.808,-20484.48,-19.146672
8,27,18,0,-24996.48,-24.99648
8,27,19,0,-33027.84,-33.02784
8,27,20,0,-36366.72,-36.36672
8,27,21,0,-38893.44,-38.89344
8,27,22,0,-38712.96,-38.71296
8,27,23,0,-40968.96,-40.96896
8,28,0,0,-43676.16,-43.67616
8,28,1,0,-45210.24,-45.21024
8,28,2,0,-45841.92,-45.84192
8,28,3,0,-45029.76,-45.02976
8,28,4,410.592,-44398.08,-43.987488
8,28,5,3106.512,-44398.08,-41.291568
8,28,6,13908.24,-41600.64,-27.6924
8,28,7,17147.856,-35103.36,-17.955504
8,28,8,48179.136,-26620.8,21.558336
8,28,9,34977.024,-20123.52,14.853504
8,28,10,41140.416,-12723.84,28.416576
8,28,11,64393.008,-9204.48,55.188528
8,28,12,26598.24,-8392.32,18.20592
8,28,13,89635.392,-11099.52,78.535872
8,28,14,40084.608,-10197.12,29.887488
8,28,15,43468.608,-4331.52,39.137088
8,28,16,7406.448,-4963.2,2.443248
8,28,17,1234.032,-12723.84,-11.489808
8,28,18,0,-26169.6,-26.1696
8,28,19,0,-27974.4,-27.9744
8,28,20,0,-31584,-31.584
8,28,21,0,-32937.6,-32.9376
8,28,22,0,-32576.64,-32.57664
8,28,23,0,-32576.64,-32.57664
8,29,0,0,-34832.64,-34.83264
8,29,1,0,-34200.96,-34.20096
8,29,2,0,-33208.32,-33.20832
8,29,3,0,-33749.76,-33.74976
8,29,4,205.296,-34561.92,-34.356624
8,29,5,1890.528,-33388.8,-31.498272
8,29,6,5536.224,-32125.44,-26.589216
8,29,7,21021.408,-24906.24,-3.884832
8,29,8,13502.16,-18679.68,-5.17752
8,29,9,89554.176,-16423.68,73.130496
8,29,10,18363.84,-7850.88,10.51296
8,29,11,29434.032,6046.08,35.480112
8,29,12,24843.072,7580.16,32.423232
8,29,13,25231.104,5865.6,31.096704
8,29,14,26183.136,11640.96,37.824096
8,29,15,39527.376,15701.76,55.229136
8,29,16,6790.56,14257.92,21.04848
8,29,17,0,5324.16,5.32416
8,29,18,0,-7489.92,-7.48992
8,29,19,0,-16604.16,-16.60416
8,29,20,0,-21567.36,-21.56736
8,29,21,0,-25628.16,-25.62816
8,29,22,0,-26350.08,-26.35008
8,29,23,0,-28606.08,-28.60608
8,30,0,0,-30681.6,-30.6816
8,30,1,0,-32937.6,-32.9376
8,30,2,0,-31854.72,-31.85472
8,30,3,0,-36908.16,-36.90816
8,30,4,205.296,-36096,-35.890704
8,30,5,8011.056,-30771.84,-22.760784
8,30,6,9181.92,-27703.68,-18.52176
8,30,7,7291.392,-26169.6,-18.878208
8,30,8,70333.056,-19130.88,51.202176
8,30,9,82580.88,-16694.4,65.88648
8,30,10,36930.72,-13626.24,23.30448
8,30,11,33776.832,-13084.8,20.692032
8,30,12,27678.864,-4151.04,23.527824
8,30,13,26316.24,7399.68,33.71592
8,30,14,16741.776,13175.04,29.916816
8,30,15,11072.448,14979.84,26.052288
8,30,16,4938.384,11189.76,16.128144
8,30,17,0,2165.76,2.16576
8,30,18,0,-7941.12,-7.94112
8,30,19,0,-16513.92,-16.51392
8,30,20,0,-21206.4,-21.2064
8,30,21,0,-24003.84,-24.00384
8,30,22,0,-25898.88,-25.89888
8,30,23,0,-29147.52,-29.14752
8,31,0,0,-33027.84,-33.02784
8,31,1,0,-36005.76,-36.00576
8,31,2,0,-27342.72,-27.34272
8,31,3,0,-13265.28,-13.26528
8,31,4,823.44,-14257.92,-13.43448
8,31,5,13673.616,-18228.48,-4.554864
8,31,6,47572.272,-18138.24,29.434032
8,31,7,88739.76,-14528.64,74.21112
8,31,8,21874.176,-10016.64,11.857536
8,31,9,76045.248,-5955.84,70.089408
8,31,10,42243.6,-5414.4,36.8292
8,31,11,25788.336,-13716.48,12.071856
8,31,12,22952.544,-24635.52,-1.682976
8,31,13,18363.84,-29959.68,-11.59584
8,31,14,10666.368,-32666.88,-22.000512
8,31,15,10531.008,-30862.08,-20.331072
8,31,16,2982.432,-28245.12,-25.262688
8,31,17,0,-30681.6,-30.6816
8,31,18,0,-37810.56,-37.81056
8,31,19,0,-43224.96,-43.22496
8,31,20,0,-48819.84,-48.81984
8,31,21,0,-56219.52,-56.21952
8,31,22,0,-61994.88,-61.99488
8,31,23,0,-63348.48,-63.34848
