y,m,d,h,G(i) [W/m2],H_sun,T_amb
2020,6,1,10,0,0,13.43
2020,6,1,110,0,0,12.61
2020,6,1,210,0,0,11.88
2020,6,1,310,13.22,5.53,11.17
2020,6,1,410,31.92,13.94,11.19
2020,6,1,510,40.58,22.92,12.16
2020,6,1,610,153.2,32.1,13.3
2020,6,1,710,328,41.11,14.42
2020,6,1,810,475.36,49.37,15.3
2020,6,1,910,581.99,55.99,15.89
2020,6,1,1010,631.54,59.61,16.34
2020,6,1,1110,623.99,59.05,16.71
2020,6,1,1210,561.51,54.53,17
2020,6,1,1310,441.25,47.39,17.18
2020,6,1,1410,283.62,38.87,17.26
2020,6,1,1510,107.63,29.77,17.2
2020,6,1,1610,60.19,20.6,16.84
2020,6,1,1710,38.3,11.74,16.12
2020,6,1,1810,1.82,3.52,15.42
2020,6,1,1910,0,0,14.82
2020,6,1,2010,0,0,14.29
2020,6,1,2110,0,0,13.83
2020,6,1,2210,0,0,13.06
2020,6,1,2310,0,0,11.63
2020,6,2,10,0,0,10.85
2020,6,2,110,0,0,10.37
2020,6,2,210,0,0,9.78
2020,6,2,310,2.28,5.62,9.48
2020,6,2,410,39.22,14.02,9.75
2020,6,2,510,46.06,22.99,10.77
2020,6,2,610,153.86,32.18,12.01
2020,6,2,710,324.88,41.19,13.59
2020,6,2,810,468.02,49.47,15.01
2020,6,2,910,568.06,56.1,16.02
2020,6,2,1010,587.78,59.73,16.92
2020,6,2,1110,603.23,59.19,17.52
2020,6,2,1210,530.16,54.67,17.83
2020,6,2,1310,415.84,47.52,17.98
2020,6,2,1410,280.46,38.99,17.8
2020,6,2,1510,132.75,29.89,17.54
2020,6,2,1610,44.23,20.73,17.02
2020,6,2,1710,36.48,11.87,16.61
2020,6,2,1810,2.28,3.65,15.56
2020,6,2,1910,0,0,14.54
2020,6,2,2010,0,0,13.38
2020,6,2,2110,0,0,12.29
2020,6,2,2210,0,0,10.84
2020,6,2,2310,0,0,9.81
2020,6,3,10,0,0,8.81
2020,6,3,110,0,0,8.89
2020,6,3,210,0,0,9.42
2020,6,3,310,2.28,5.7,9.94
2020,6,3,410,7.75,14.1,10.52
2020,6,3,510,35.57,23.06,10.74
2020,6,3,610,50.27,32.25,11.08
2020,6,3,710,148.63,41.27,12.51
2020,6,3,810,98.75,49.55,12.57
2020,6,3,910,143.04,56.2,13
2020,6,3,1010,101.74,59.85,14.05
2020,6,3,1110,272.51,59.32,14.99
2020,6,3,1210,360.37,54.8,15.56
2020,6,3,1310,393.54,47.64,16.41
2020,6,3,1410,232.55,39.11,16.62
2020,6,3,1510,105.03,30.01,16.51
2020,6,3,1610,51.53,20.85,16.07
2020,6,3,1710,36.94,11.99,15.58
2020,6,3,1810,3.19,3.77,14.54
2020,6,3,1910,0,0,13.78
2020,6,3,2010,0,0,12.3
2020,6,3,2110,0,0,11.29
2020,6,3,2210,0,0,10.5
2020,6,3,2310,0,0,9.78
2020,6,4,10,0,0,9.25
2020,6,4,110,0,0,8.94
2020,6,4,210,0,0,9.56
2020,6,4,310,15.96,5.77,9.33
2020,6,4,410,35.11,14.17,9.43
2020,6,4,510,46.51,23.13,11.46
2020,6,4,610,151.67,32.32,13.38
2020,6,4,710,320.49,41.34,15.13
2020,6,4,810,426.08,49.63,16.3
2020,6,4,910,467.78,56.29,17.04
2020,6,4,1010,540.74,59.97,17.87
2020,6,4,1110,505.92,59.44,18.23
2020,6,4,1210,469.82,54.92,18.78
2020,6,4,1310,283.35,47.76,19.1
2020,6,4,1410,272.59,39.23,19.74
2020,6,4,1510,144.22,30.13,19.73
2020,6,4,1610,40.13,20.96,19.81
2020,6,4,1710,39.22,12.1,19.42
2020,6,4,1810,5.93,3.89,17.8
2020,6,4,1910,0,0,15.55
2020,6,4,2010,0,0,14.4
2020,6,4,2110,0,0,13.68
2020,6,4,2210,0,0,13.32
2020,6,4,2310,0,0,13.17
2020,6,5,10,0,0,12.88
2020,6,5,110,0,0,12.53
2020,6,5,210,0,0,12.34
2020,6,5,310,2.28,5.84,12.44
2020,6,5,410,18.7,14.23,13.31
2020,6,5,510,21.43,23.19,14.34
2020,6,5,610,154.06,32.37,15.92
2020,6,5,710,293.86,41.4,18.67
2020,6,5,810,117.9,49.7,20.09
2020,6,5,910,294.67,56.38,20.8
2020,6,5,1010,128.68,60.07,21.67
2020,6,5,1110,255.22,59.56,21.86
2020,6,5,1210,47.88,55.04,22.03
2020,6,5,1310,80.2,47.88,19.96
2020,6,5,1410,47.88,39.34,17.59
2020,6,5,1510,62.84,30.24,17.31
2020,6,5,1610,36.02,21.07,17.29
2020,6,5,1710,11.4,12.22,17.39
2020,6,5,1810,1.37,4.01,16.89
2020,6,5,1910,0,0,15.37
2020,6,5,2010,0,0,14.78
2020,6,5,2110,0,0,14.36
2020,6,5,2210,0,0,14.12
2020,6,5,2310,0,0,13.71
2020,6,6,10,0,0,13.44
2020,6,6,110,0,0,13.1
2020,6,6,210,0,0,12.8
2020,6,6,310,15.05,5.91,12.78
2020,6,6,410,30.1,14.29,13.29
2020,6,6,510,41.95,23.24,14.5
2020,6,6,610,143.41,32.43,16.02
2020,6,6,710,310.32,41.46,17.42
2020,6,6,810,408.24,49.77,18.52
2020,6,6,910,551.38,56.46,19.54
2020,6,6,1010,583.57,60.18,20.56
2020,6,6,1110,518.77,59.67,21.4
2020,6,6,1210,446.53,55.15,22.8
2020,6,6,1310,298.09,47.99,22.46
2020,6,6,1410,237.82,39.45,22.65
2020,6,6,1510,117.24,30.34,22.75
2020,6,6,1610,72.05,21.18,22.83
2020,6,6,1710,37.39,12.33,21.85
2020,6,6,1810,10.49,4.12,20.46
2020,6,6,1910,0,0,18.4
2020,6,6,2010,0,0,17.3
2020,6,6,2110,0,0,16.38
2020,6,6,2210,0,0,15.64
2020,6,6,2310,0,0,15.02
2020,6,7,10,0,0,14.6
2020,6,7,110,0,0,14.08
2020,6,7,210,0,0,13.71
2020,6,7,310,15.96,5.96,13.64
2020,6,7,410,32.83,14.34,14.57
2020,6,7,510,66.12,23.29,17
2020,6,7,610,157.83,32.47,19.06
2020,6,7,710,306.91,41.51,19.72
2020,6,7,810,397.39,49.83,21.67
2020,6,7,910,491.95,56.54,23.01
2020,6,7,1010,90.37,60.27,24.28
2020,6,7,1110,527.02,59.78,25.05
2020,6,7,1210,503.46,55.26,25.55
2020,6,7,1310,401.77,48.09,25.57
2020,6,7,1410,32.32,39.55,26.1
2020,6,7,1510,100.21,30.44,26.05
2020,6,7,1610,15.5,21.28,25.23
2020,6,7,1710,6.38,12.43,23.62
2020,6,7,1810,5.47,4.23,22.83
2020,6,7,1910,0,0,21.3
2020,6,7,2010,0,0,20.28
2020,6,7,2110,0,0,19.67
2020,6,7,2210,0,0,19.24
2020,6,7,2310,0,0,18.9
2020,6,8,10,0,0,18.66
2020,6,8,110,0,0,18.42
2020,6,8,210,0,0,18.05
2020,6,8,310,2.28,6.02,17.69
2020,6,8,410,16.87,14.39,18.13
2020,6,8,510,29.18,23.33,19.5
2020,6,8,610,99.56,32.52,21.11
2020,6,8,710,303.85,41.55,20.42
2020,6,8,810,296.13,49.88,21.53
2020,6,8,910,161.13,56.61,21.92
2020,6,8,1010,264.02,60.36,20.9
2020,6,8,1110,307.54,59.88,21.29
2020,6,8,1210,191.31,55.36,20.83
2020,6,8,1310,247.72,48.19,20.47
2020,6,8,1410,141.7,39.65,19.76
2020,6,8,1510,100.21,30.54,19.4
2020,6,8,1610,69.77,21.38,18.7
2020,6,8,1710,30.1,12.53,18
2020,6,8,1810,1.37,4.33,17.3
2020,6,8,1910,0,0,15.21
2020,6,8,2010,0,0,14.47
2020,6,8,2110,0,0,13.95
2020,6,8,2210,0,0,13.64
2020,6,8,2310,0,0,13.38
2020,6,9,10,0,0,13.04
2020,6,9,110,0,0,12.78
2020,6,9,210,0,0,12.67
2020,6,9,310,2.28,6.06,12.56
2020,6,9,410,7.75,14.43,12.57
2020,6,9,510,21.43,23.37,12.74
2020,6,9,610,49.08,32.55,13.04
2020,6,9,710,61.05,41.59,12.82
2020,6,9,810,155.11,49.93,13.33
2020,6,9,910,158.73,56.67,14.19
2020,6,9,1010,257.61,60.44,15.08
2020,6,9,1110,200.6,59.97,16.5
2020,6,9,1210,177.68,55.46,17.77
2020,6,9,1310,44.89,48.29,18.65
2020,6,9,1410,68.23,39.74,19.34
2020,6,9,1510,55.66,30.64,19.55
2020,6,9,1610,37.85,21.47,19.24
2020,6,9,1710,37.39,12.62,18.86
2020,6,9,1810,5.47,4.42,18.18
2020,6,9,1910,0,0,16.52
2020,6,9,2010,0,0,16.19
2020,6,9,2110,0,0,15.98
2020,6,9,2210,0,0,15.8
2020,6,9,2310,0,0,15.51
2020,6,10,10,0,0,15.3
2020,6,10,110,0,0,15.14
2020,6,10,210,0,0,14.82
2020,6,10,310,2.28,6.1,14.78
2020,6,10,410,10.94,14.46,14.85
2020,6,10,510,50.62,23.4,15.32
2020,6,10,610,90.37,32.58,15.67
2020,6,10,710,98.15,41.62,15.73
2020,6,10,810,224.51,49.97,16.73
2020,6,10,910,142.44,56.73,17.86
2020,6,10,1010,123.89,60.51,18.77
2020,6,10,1110,123.29,60.06,18.89
2020,6,10,1210,134.66,55.55,19.18
2020,6,10,1310,208.21,48.38,20
2020,6,10,1410,223.62,39.83,21.04
2020,6,10,1510,120.33,30.72,21.6
2020,6,10,1610,63.38,21.56,21.57
2020,6,10,1710,13.22,12.71,21.36
2020,6,10,1810,1.37,4.51,20.55
2020,6,10,1910,0,0,18.47
2020,6,10,2010,0,0,18.08
2020,6,10,2110,0,0,17.76
2020,6,10,2210,0,0,17.6
2020,6,10,2310,0,0,17.28
2020,6,11,10,0,0,17.1
2020,6,11,110,0,0,16.92
2020,6,11,210,0,0,16.79
2020,6,11,310,2.28,6.14,16.6
2020,6,11,410,7.75,14.49,17
2020,6,11,510,17.78,23.42,18.27
2020,6,11,610,134.12,32.61,19.16
2020,6,11,710,190.33,41.65,19.99
2020,6,11,810,249.02,50.01,21.3
2020,6,11,910,441.76,56.78,22.06
2020,6,11,1010,450.48,60.58,22.79
2020,6,11,1110,362.31,60.14,23.61
2020,6,11,1210,468.25,55.64,24.39
2020,6,11,1310,412.62,48.46,25.16
2020,6,11,1410,269.6,39.92,25.66
2020,6,11,1510,97.94,30.81,25.86
2020,6,11,1610,59.74,21.65,25.81
2020,6,11,1710,36.02,12.8,24.91
2020,6,11,1810,3.65,4.6,23.38
2020,6,11,1910,0,0,22.13
2020,6,11,2010,0,0,20.81
2020,6,11,2110,0,0,20.1
2020,6,11,2210,0,0,19.17
2020,6,11,2310,0,0,18.45
2020,6,12,10,0,0,18.04
2020,6,12,110,0,0,17.62
2020,6,12,210,0,0,17.29
2020,6,12,310,15.96,6.16,17.14
2020,6,12,410,46.97,14.51,18.17
2020,6,12,510,73.87,23.44,20.15
2020,6,12,610,169.55,32.63,21.98
2020,6,12,710,288.23,41.67,22.24
2020,6,12,810,407.77,50.04,23.91
2020,6,12,910,545.96,56.82,25.21
2020,6,12,1010,597.97,60.64,26.84
2020,6,12,1110,592.1,60.21,28.31
2020,6,12,1210,531.58,55.72,29.36
2020,6,12,1310,420,48.54,29.89
2020,6,12,1410,270.28,40,30.28
2020,6,12,1510,105.67,30.89,30.19
2020,6,12,1610,38.76,21.73,28.61
2020,6,12,1710,34.66,12.88,27
2020,6,12,1810,11.86,4.68,25.66
2020,6,12,1910,0,0,25.11
2020,6,12,2010,0,0,24.11
2020,6,12,2110,0,0,23.16
2020,6,12,2210,0,0,22.24
2020,6,12,2310,0,0,21.46
2020,6,13,10,0,0,20.75
2020,6,13,110,0,0,20.23
2020,6,13,210,0,0,19.73
2020,6,13,310,16.42,6.19,19.42
2020,6,13,410,43.78,14.53,19.94
2020,6,13,510,63.38,23.46,21.18
2020,6,13,610,147.18,32.64,22.66
2020,6,13,710,299.04,41.69,24.04
2020,6,13,810,435.75,50.06,25.44
2020,6,13,910,531.21,56.85,26.54
2020,6,13,1010,558.09,60.69,26.86
2020,6,13,1110,575.42,60.28,27.18
2020,6,13,1210,497.28,55.79,24.65
2020,6,13,1310,381.03,48.62,24.98
2020,6,13,1410,260.31,40.07,25.97
2020,6,13,1510,136.98,30.96,25.52
2020,6,13,1610,46.97,21.8,24.64
2020,6,13,1710,28.27,12.95,24.08
2020,6,13,1810,7.3,4.75,23.04
2020,6,13,1910,0,0,21.98
2020,6,13,2010,0,0,21.21
2020,6,13,2110,0,0,20.2
2020,6,13,2210,0,0,19.09
2020,6,13,2310,0,0,18.03
2020,6,14,10,0,0,17.08
2020,6,14,110,0,0,16.32
2020,6,14,210,0,0,15.85
2020,6,14,310,2.74,6.2,15.56
2020,6,14,410,8.21,14.54,16.09
2020,6,14,510,21.89,23.47,16.48
2020,6,14,610,51.47,32.65,16.68
2020,6,14,710,218.83,41.7,17.89
2020,6,14,810,294.59,50.08,18.64
2020,6,14,910,255.23,56.88,19.32
2020,6,14,1010,199,60.74,19.77
2020,6,14,1110,294.11,60.34,20.52
2020,6,14,1210,248.34,55.86,20.66
2020,6,14,1310,111.92,48.69,20.85
2020,6,14,1410,233.71,40.14,20.63
2020,6,14,1510,114.93,31.03,20.12
2020,6,14,1610,74.78,21.87,19.44
2020,6,14,1710,38.76,13.03,18.87
2020,6,14,1810,11.4,4.82,18.04
2020,6,14,1910,0,0,17.4
2020,6,14,2010,0,0,16.82
2020,6,14,2110,0,0,16.18
2020,6,14,2210,0,0,15.02
2020,6,14,2310,0,0,13.94
2020,6,15,10,0,0,12.74
2020,6,15,110,0,0,11.97
2020,6,15,210,0,0,11.38
2020,6,15,310,15.05,6.21,11.51
2020,6,15,410,36.48,14.55,12.81
2020,6,15,510,56.54,23.47,15.42
2020,6,15,610,169.13,32.65,16.68
2020,6,15,710,292.22,41.71,17.28
2020,6,15,810,420.04,50.09,18.15
2020,6,15,910,463.95,56.91,18.61
2020,6,15,1010,436.78,60.78,19.48
2020,6,15,1110,330.33,60.4,20.07
2020,6,15,1210,253.13,55.92,20.34
2020,6,15,1310,350.14,48.75,20.5
2020,6,15,1410,225.89,40.21,20.57
2020,6,15,1510,152.25,31.1,20.73
2020,6,15,1610,39.22,21.94,20.47
2020,6,15,1710,36.48,13.09,20.11
2020,6,15,1810,12.77,4.89,19.29
2020,6,15,1910,0,0,18.08
2020,6,15,2010,0,0,16.51
2020,6,15,2110,0,0,15.56
2020,6,15,2210,0,0,14.67
2020,6,15,2310,0,0,14.26
2020,6,16,10,0,0,13.58
2020,6,16,110,0,0,13.12
2020,6,16,210,0,0,12.58
2020,6,16,310,3.65,6.22,12.51
2020,6,16,410,45.14,14.55,13.85
2020,6,16,510,74.78,23.47,15.67
2020,6,16,610,145.51,32.65,17.06
2020,6,16,710,211.96,41.71,19.24
2020,6,16,810,214.59,50.09,19.99
2020,6,16,910,386.99,56.92,20.73
2020,6,16,1010,260,60.81,21.35
2020,6,16,1110,277.65,60.44,21.68
2020,6,16,1210,295.1,55.98,22.04
2020,6,16,1310,363.6,48.81,22.51
2020,6,16,1410,271.4,40.27,22.44
2020,6,16,1510,118.07,31.16,22.98
2020,6,16,1610,70.22,22,22.75
2020,6,16,1710,41.04,13.15,22.04
2020,6,16,1810,13.22,4.95,20.9
2020,6,16,1910,0,0,20.7
2020,6,16,2010,0,0,20.08
2020,6,16,2110,0,0,19.77
2020,6,16,2210,0,0,19.26
2020,6,16,2310,0,0,18.43
2020,6,17,10,0,0,17.63
2020,6,17,110,0,0,16.9
2020,6,17,210,0,0,16.4
2020,6,17,310,15.5,6.22,16.23
2020,6,17,410,7.75,14.54,16.82
2020,6,17,510,22.34,23.46,18.47
2020,6,17,610,162.6,32.64,20.33
2020,6,17,710,253.62,41.7,20.46
2020,6,17,810,428.75,50.09,21.56
2020,6,17,910,533.01,56.93,22.9
2020,6,17,1010,573.9,60.83,24.67
2020,6,17,1110,375.68,60.48,25.77
2020,6,17,1210,156.31,56.03,26.24
2020,6,17,1310,45.49,48.87,25.81
2020,6,17,1410,170.57,40.32,22.57
2020,6,17,1510,151.61,31.22,21.65
2020,6,17,1610,36.48,22.05,21.32
2020,6,17,1710,28.73,13.21,20.85
2020,6,17,1810,13.22,5,20.42
2020,6,17,1910,0,0,19.71
2020,6,17,2010,0,0,19.36
2020,6,17,2110,0,0,18.98
2020,6,17,2210,0,0,18.56
2020,6,17,2310,0,0,18.15
2020,6,18,10,0,0,17.7
2020,6,18,110,0,0,17.36
2020,6,18,210,0,0,17.11
2020,6,18,310,2.28,6.21,16.88
2020,6,18,410,7.75,14.53,17.75
2020,6,18,510,73.42,23.45,19.53
2020,6,18,610,120.39,32.63,20.6
2020,6,18,710,292.89,41.69,21.86
2020,6,18,810,426.87,50.09,22.83
2020,6,18,910,44.89,56.94,24.08
2020,6,18,1010,98.15,60.85,25.04
2020,6,18,1110,85.59,60.52,25.67
2020,6,18,1210,111.32,56.07,26.17
2020,6,18,1310,335.76,48.92,24.45
2020,6,18,1410,63.44,40.38,25.05
2020,6,18,1510,99.17,31.27,23.82
2020,6,18,1610,40.58,22.11,22.38
2020,6,18,1710,41.95,13.26,22.17
2020,6,18,1810,10.94,5.05,21.74
2020,6,18,1910,0,0,21.35
2020,6,18,2010,0,0,20.27
2020,6,18,2110,0,0,19.34
2020,6,18,2210,0,0,18.48
2020,6,18,2310,0,0,18.05
2020,6,19,10,0,0,17.76
2020,6,19,110,0,0,17.34
2020,6,19,210,0,0,17.17
2020,6,19,310,16.42,6.2,17.09
2020,6,19,410,46.06,14.51,17.99
2020,6,19,510,53.35,23.43,19.76
2020,6,19,610,136.76,32.61,21.13
2020,6,19,710,291.17,41.67,21.98
2020,6,19,810,429.61,50.07,23.02
2020,6,19,910,526.38,56.93,23.98
2020,6,19,1010,537.16,60.86,24.67
2020,6,19,1110,459.96,60.55,24.96
2020,6,19,1210,260.38,56.11,24.68
2020,6,19,1310,402.96,48.96,25.28
2020,6,19,1410,77.21,40.42,25.11
2020,6,19,1510,139.78,31.32,25.06
2020,6,19,1610,20.52,22.15,23.69
2020,6,19,1710,15.5,13.3,22.43
2020,6,19,1810,10.03,5.09,21.14
2020,6,19,1910,0,0,20.22
2020,6,19,2010,0,0,19.35
2020,6,19,2110,0,0,19.03
2020,6,19,2210,0,0,17.94
2020,6,19,2310,0,0,17.79
2020,6,20,10,0,0,17.42
2020,6,20,110,0,0,16.94
2020,6,20,210,0,0,16.66
2020,6,20,310,2.28,6.18,16.68
2020,6,20,410,7.75,14.49,17.84
2020,6,20,510,76.15,23.41,18.82
2020,6,20,610,88.58,32.59,19.93
2020,6,20,710,220.75,41.65,19.85
2020,6,20,810,225.2,50.06,20.59
2020,6,20,910,176.93,56.92,21.26
2020,6,20,1010,380.49,60.87,22.47
2020,6,20,1110,309.27,60.57,22.99
2020,6,20,1210,366.84,56.14,23.83
2020,6,20,1310,227.87,49,23.91
2020,6,20,1410,212.78,40.46,22.44
2020,6,20,1510,115.37,31.36,21.93
2020,6,20,1610,33.29,22.19,21.87
2020,6,20,1710,15.05,13.34,21.87
2020,6,20,1810,11.4,5.13,21.5
2020,6,20,1910,0,0,20.46
2020,6,20,2010,0,0,19.72
2020,6,20,2110,0,0,19.23
2020,6,20,2210,0,0,18.48
2020,6,20,2310,0,0,17.81
2020,6,21,10,0,0,17.46
2020,6,21,110,0,0,17.21
2020,6,21,210,0,0,16.95
2020,6,21,310,2.28,6.16,16.91
2020,6,21,410,7.75,14.47,17.84
2020,6,21,510,19.61,23.38,19.25
2020,6,21,610,45.49,32.56,20.65
2020,6,21,710,59.85,41.62,20.88
2020,6,21,810,365,50.03,21.89
2020,6,21,910,440.06,56.91,23.48
2020,6,21,1010,576,60.87,24.55
2020,6,21,1110,103.54,60.58,24.84
2020,6,21,1210,48.48,56.17,25.35
2020,6,21,1310,48.48,49.03,25.49
2020,6,21,1410,146.74,40.5,25.37
2020,6,21,1510,96.49,31.39,24.01
2020,6,21,1610,17.33,22.23,21.42
2020,6,21,1710,41.5,13.38,20.98
2020,6,21,1810,12.77,5.16,20.32
2020,6,21,1910,0,0,20.3
2020,6,21,2010,0,0,19.99
2020,6,21,2110,0,0,19.57
2020,6,21,2210,0,0,19.37
2020,6,21,2310,0,0,19.31
2020,6,22,10,0,0,19.19
2020,6,22,110,0,0,18.92
2020,6,22,210,0,0,18.75
2020,6,22,310,2.28,6.13,18.79
2020,6,22,410,32.83,14.43,19.18
2020,6,22,510,46.51,23.34,19.74
2020,6,22,610,133.66,32.52,20.2
2020,6,22,710,184.63,41.59,20
2020,6,22,810,169.56,50,20.85
2020,6,22,910,178.26,56.89,21.29
2020,6,22,1010,173.28,60.86,21.96
2020,6,22,1110,267.83,60.59,22.51
2020,6,22,1210,123.29,56.19,22.59
2020,6,22,1310,62.24,49.06,22.82
2020,6,22,1410,50.87,40.53,21.84
2020,6,22,1510,44.29,31.42,20.15
2020,6,22,1610,12.77,22.26,19.62
2020,6,22,1710,41.5,13.4,19.6
2020,6,22,1810,1.82,5.19,19.68
2020,6,22,1910,0,0,18.55
2020,6,22,2010,0,0,18.08
2020,6,22,2110,0,0,17.67
2020,6,22,2210,0,0,17.12
2020,6,22,2310,0,0,16.48
2020,6,23,10,0,0,15.94
2020,6,23,110,0,0,15.59
2020,6,23,210,0,0,15.45
2020,6,23,310,15.05,6.09,15.36
2020,6,23,410,20.06,14.4,15.42
2020,6,23,510,80.26,23.31,15.57
2020,6,23,610,164.03,32.48,16.25
2020,6,23,710,269.73,41.55,17.48
2020,6,23,810,359.05,49.97,18.65
2020,6,23,910,443.35,56.86,19.4
2020,6,23,1010,305.78,60.84,20.13
2020,6,23,1110,420.88,60.59,20.8
2020,6,23,1210,388.18,56.2,20.78
2020,6,23,1310,291.79,49.08,20.58
2020,6,23,1410,270.89,40.55,20.34
2020,6,23,1510,138.16,31.45,19.62
2020,6,23,1610,73.42,22.28,18.89
2020,6,23,1710,38.3,13.43,18.18
2020,6,23,1810,2.74,5.21,17.52
2020,6,23,1910,0,0,17
2020,6,23,2010,0,0,16.77
2020,6,23,2110,0,0,16.65
2020,6,23,2210,0,0,16.47
2020,6,23,2310,0,0,16.27
2020,6,24,10,0,0,16.1
2020,6,24,110,0,0,15.91
2020,6,24,210,0,0,15.6
2020,6,24,310,2.28,6.05,15.25
2020,6,24,410,8.66,14.36,15.41
2020,6,24,510,13.68,23.26,15.81
2020,6,24,610,44.29,32.44,16.57
2020,6,24,710,73.62,41.51,18.18
2020,6,24,810,58.05,49.93,18.67
2020,6,24,910,73.02,56.82,18.58
2020,6,24,1010,65.83,60.82,18.74
2020,6,24,1110,54.46,60.58,19.03
2020,6,24,1210,53.27,56.21,20.24
2020,6,24,1310,75.41,49.09,21.82
2020,6,24,1410,52.07,40.57,22.88
2020,6,24,1510,70.62,31.47,22.8
2020,6,24,1610,72.05,22.3,22.5
2020,6,24,1710,41.95,13.45,21.89
2020,6,24,1810,11.4,5.22,20.96
2020,6,24,1910,0,0,20.01
2020,6,24,2010,0,0,19.27
2020,6,24,2110,0,0,18.79
2020,6,24,2210,0,0,18.14
2020,6,24,2310,0,0,17.62
2020,6,25,10,0,0,16.97
2020,6,25,110,0,0,16.58
2020,6,25,210,0,0,16.41
2020,6,25,310,11.4,6,16.38
2020,6,25,410,27.82,14.31,17.07
2020,6,25,510,44.69,23.21,18.31
2020,6,25,610,163.35,32.39,19.48
2020,6,25,710,286.92,41.46,21.69
2020,6,25,810,393.91,49.88,22.88
2020,6,25,910,487.76,56.78,23.91
2020,6,25,1010,475.89,60.79,24.82
2020,6,25,1110,583.03,60.57,25.48
2020,6,25,1210,418.67,56.21,25.9
2020,6,25,1310,361.12,49.1,26.14
2020,6,25,1410,266.87,40.59,25.98
2020,6,25,1510,155.37,31.49,25.72
2020,6,25,1610,36.94,22.32,25.17
2020,6,25,1710,42.86,13.46,24.38
2020,6,25,1810,12.31,5.23,23.23
2020,6,25,1910,0,0,22.43
2020,6,25,2010,0,0,21.56
2020,6,25,2110,0,0,20.86
2020,6,25,2210,0,0,20.19
2020,6,25,2310,0,0,19.61
2020,6,26,10,0,0,19.15
2020,6,26,110,0,0,18.69
2020,6,26,210,0,0,18.21
2020,6,26,310,11.86,5.95,17.9
2020,6,26,410,41.95,14.26,18.37
2020,6,26,510,52.9,23.16,19.73
2020,6,26,610,132.35,32.34,21.38
2020,6,26,710,287.53,41.41,22.7
2020,6,26,810,427.42,49.83,23.87
2020,6,26,910,533.62,56.74,24.73
2020,6,26,1010,581.82,60.75,25.77
2020,6,26,1110,577.35,60.55,26.63
2020,6,26,1210,463.73,56.2,27.18
2020,6,26,1310,414.83,49.11,27.39
2020,6,26,1410,222.35,40.59,27.25
2020,6,26,1510,71.22,31.5,25.25
2020,6,26,1610,13.22,22.33,24.62
2020,6,26,1710,29.64,13.46,24.3
2020,6,26,1810,11.4,5.24,23.69
2020,6,26,1910,0,0,22.31
2020,6,26,2010,0,0,21.68
2020,6,26,2110,0,0,21.22
2020,6,26,2210,0,0,20.91
2020,6,26,2310,0,0,20.67
2020,6,27,10,0,0,20.46
2020,6,27,110,0,0,20.25
2020,6,27,210,0,0,20.02
2020,6,27,310,2.28,5.9,19.78
2020,6,27,410,7.3,14.2,19.9
2020,6,27,510,62.47,23.1,20.34
2020,6,27,610,98.33,32.28,20.96
2020,6,27,710,77.21,41.35,21.6
2020,6,27,810,285.67,49.78,22.42
2020,6,27,910,362.02,56.69,23.18
2020,6,27,1010,265.66,60.71,23.81
2020,6,27,1110,137.65,60.52,24.61
2020,6,27,1210,156.92,56.19,24.67
2020,6,27,1310,61.65,49.1,24.84
2020,6,27,1410,277.3,40.6,25.03
2020,6,27,1510,154.62,31.5,25.13
2020,6,27,1610,43.32,22.33,23.09
2020,6,27,1710,29.64,13.47,23.03
2020,6,27,1810,14.14,5.23,22.65
2020,6,27,1910,0,0,21.26
2020,6,27,2010,0,0,20.39
2020,6,27,2110,0,0,19.79
2020,6,27,2210,0,0,19.41
2020,6,27,2310,0,0,19.09
2020,6,28,10,0,0,18.86
2020,6,28,110,0,0,18.68
2020,6,28,210,0,0,18.44
2020,6,28,310,2.28,5.84,18.35
2020,6,28,410,44.69,14.13,19.15
2020,6,28,510,54.26,23.04,20.6
2020,6,28,610,151.44,32.22,21.92
2020,6,28,710,283.93,41.29,23
2020,6,28,810,422.6,49.71,24.46
2020,6,28,910,533.03,56.63,25.8
2020,6,28,1010,583.15,60.66,26.66
2020,6,28,1110,558.48,60.49,27.38
2020,6,28,1210,499.87,56.17,27.8
2020,6,28,1310,369.82,49.1,27.91
2020,6,28,1410,278.04,40.59,27.88
2020,6,28,1510,111.45,31.5,26.96
2020,6,28,1610,50.62,22.33,25.85
2020,6,28,1710,32.83,13.46,25.56
2020,6,28,1810,10.94,5.22,24.89
2020,6,28,1910,0,0,24.08
2020,6,28,2010,0,0,23.11
2020,6,28,2110,0,0,22.23
2020,6,28,2210,0,0,21.34
2020,6,28,2310,0,0,20.41
2020,6,29,10,0,0,19.96
2020,6,29,110,0,0,19.65
2020,6,29,210,0,0,19.45
2020,6,29,310,2.28,5.77,19.18
2020,6,29,410,7.3,14.07,19.76
2020,6,29,510,55.18,22.97,21.29
2020,6,29,610,151.88,32.15,22.4
2020,6,29,710,287.02,41.22,22.78
2020,6,29,810,346.79,49.65,23.17
2020,6,29,910,348.95,56.56,23.47
2020,6,29,1010,417.98,60.61,24.01
2020,6,29,1110,265.91,60.45,24.3
2020,6,29,1210,315.16,56.15,24.5
2020,6,29,1310,141.26,49.08,24.4
2020,6,29,1410,67.63,40.59,24.42
2020,6,29,1510,25.14,31.49,23.08
2020,6,29,1610,14.14,22.32,22.11
2020,6,29,1710,8.66,13.45,20.55
2020,6,29,1810,6.38,5.21,19.77
2020,6,29,1910,0,0,17.22
2020,6,29,2010,0,0,16.83
2020,6,29,2110,0,0,16.52
2020,6,29,2210,0,0,16.14
2020,6,29,2310,0,0,15.75
2020,6,30,10,0,0,15.3
2020,6,30,110,0,0,14.94
2020,6,30,210,0,0,14.6
2020,6,30,310,2.28,5.7,14.38
2020,6,30,410,28.27,14,14.87
2020,6,30,510,74.33,22.9,16.11
2020,6,30,610,143.3,32.08,17.65
2020,6,30,710,292.75,41.15,18.77
2020,6,30,810,440.39,49.58,19.77
2020,6,30,910,539.42,56.49,20.99
2020,6,30,1010,321.24,60.54,21.65
2020,6,30,1110,590,60.4,22.27
2020,6,30,1210,124.49,56.11,22.47
2020,6,30,1310,308.89,49.06,22.59
2020,6,30,1410,205,40.57,22.27
2020,6,30,1510,130.62,31.48,21.67
2020,6,30,1610,60.19,22.31,21.18
2020,6,30,1710,29.18,13.44,20.8
2020,6,30,1810,14.14,5.19,20.16
2020,6,30,1910,0,0,19.23
2020,6,30,2010,0,0,18.27
2020,6,30,2110,0,0,17.48
2020,6,30,2210,0,0,16.94
2020,6,30,2310,0,0,16.6
2020,7,1,10,0,0,16.4
2020,7,1,110,0,0,16.36
2020,7,1,210,0,0,16.66
2020,7,1,310,2.28,5.62,16.76
2020,7,1,410,9.58,13.92,16.87
2020,7,1,510,54.26,22.82,17.82
2020,7,1,610,132.33,32,19.43
2020,7,1,710,290.75,41.07,20.46
2020,7,1,810,433.02,49.5,22.07
2020,7,1,910,538.62,56.42,23.06
2020,7,1,1010,588.92,60.47,23.71
2020,7,1,1110,591.63,60.34,24.31
2020,7,1,1210,532.56,56.08,24.96
2020,7,1,1310,426.34,49.04,25.15
2020,7,1,1410,281.81,40.55,25.04
2020,7,1,1510,115.47,31.46,25.21
2020,7,1,1610,63.38,22.29,25.15
2020,7,1,1710,30.55,13.41,24.53
2020,7,1,1810,14.14,5.16,23.42
2020,7,1,1910,0,0,22.44
2020,7,1,2010,0,0,21.51
2020,7,1,2110,0,0,20.79
2020,7,1,2210,0,0,19.86
2020,7,1,2310,0,0,18.88
2020,7,2,10,0,0,18.79
2020,7,2,110,0,0,19.13
2020,7,2,210,0,0,19.05
2020,7,2,310,15.05,5.54,17.19
2020,7,2,410,33.74,13.84,17.91
2020,7,2,510,40.58,22.74,20.03
2020,7,2,610,128.64,31.92,22
2020,7,2,710,246.34,40.99,23.51
2020,7,2,810,345.98,49.42,24.26
2020,7,2,910,514.16,56.34,24.77
2020,7,2,1010,543.63,60.4,25.22
2020,7,2,1110,563.45,60.28,25.6
2020,7,2,1210,235.89,56.03,25.89
2020,7,2,1310,98.75,49.01,24.35
2020,7,2,1410,76.61,40.53,24.62
2020,7,2,1510,112.7,31.44,24.1
2020,7,2,1610,48.34,22.27,23.41
2020,7,2,1710,27.82,13.39,23.14
2020,7,2,1810,9.58,5.13,22.48
2020,7,2,1910,0,0,21.47
2020,7,2,2010,0,0,20.43
2020,7,2,2110,0,0,19.58
2020,7,2,2210,0,0,19.13
2020,7,2,2310,0,0,18.83
2020,7,3,10,0,0,18.3
2020,7,3,110,0,0,17.76
2020,7,3,210,0,0,17.36
2020,7,3,310,14.59,5.45,17.36
2020,7,3,410,31.92,13.75,17.96
2020,7,3,510,41.95,22.66,19.49
2020,7,3,610,133.11,31.83,20.8
2020,7,3,710,288.9,40.9,22.62
2020,7,3,810,423.47,49.33,23.8
2020,7,3,910,525.81,56.25,24.65
2020,7,3,1010,537.02,60.32,24.59
2020,7,3,1110,66.43,60.21,24.21
2020,7,3,1210,137.06,55.98,23.6
2020,7,3,1310,357.5,48.97,23.32
2020,7,3,1410,241.61,40.5,23.67
2020,7,3,1510,108.37,31.41,23.71
2020,7,3,1610,50.62,22.24,23.35
2020,7,3,1710,42.41,13.35,22.62
2020,7,3,1810,13.68,5.09,21.57
2020,7,3,1910,0,0,20.13
2020,7,3,2010,0,0,19.33
2020,7,3,2110,0,0,18.64
2020,7,3,2210,0,0,18.24
2020,7,3,2310,0,0,17.54
2020,7,4,10,0,0,16.77
2020,7,4,110,0,0,16.01
2020,7,4,210,0,0,15.4
2020,7,4,310,10.94,5.36,14.99
2020,7,4,410,40.13,13.66,15.55
2020,7,4,510,50.16,22.57,17.14
2020,7,4,610,129.83,31.75,18.55
2020,7,4,710,292.27,40.81,20.89
2020,7,4,810,342.53,49.24,21.73
2020,7,4,910,446.88,56.16,22.57
2020,7,4,1010,548.01,60.23,23.17
2020,7,4,1110,574.31,60.14,23.5
2020,7,4,1210,480.42,55.92,23.75
2020,7,4,1310,400.54,48.92,23.65
2020,7,4,1410,286.42,40.46,23.62
2020,7,4,1510,147.43,31.38,23.38
2020,7,4,1610,57.91,22.2,23.21
2020,7,4,1710,31.92,13.32,22.84
2020,7,4,1810,13.68,5.04,21.9
2020,7,4,1910,0,0,21.37
2020,7,4,2010,0,0,20.22
2020,7,4,2110,0,0,19.28
2020,7,4,2210,0,0,18.57
2020,7,4,2310,0,0,18.13
2020,7,5,10,0,0,17.85
2020,7,5,110,0,0,17.67
2020,7,5,210,0,0,17.77
2020,7,5,310,1.82,5.26,17.54
2020,7,5,410,42.41,13.56,17.7
2020,7,5,510,64.75,22.47,18.79
2020,7,5,610,138.11,31.65,20.23
2020,7,5,710,288.46,40.72,21.82
2020,7,5,810,431.84,49.14,23.17
2020,7,5,910,537.87,56.06,24.42
2020,7,5,1010,488.88,60.13,25.63
2020,7,5,1110,378.32,60.06,26.52
2020,7,5,1210,518.65,55.86,27.18
2020,7,5,1310,425.11,48.87,27.42
2020,7,5,1410,277.21,40.42,27.02
2020,7,5,1510,139.39,31.34,26.73
2020,7,5,1610,74.33,22.16,26.52
2020,7,5,1710,36.94,13.27,25.88
2020,7,5,1810,5.93,4.99,25.03
2020,7,5,1910,0,0,24.18
2020,7,5,2010,0,0,23.13
2020,7,5,2110,0,0,22.54
2020,7,5,2210,0,0,21.96
2020,7,5,2310,0,0,21.46
2020,7,6,10,0,0,21.21
2020,7,6,110,0,0,21.19
2020,7,6,210,0,0,21.06
2020,7,6,310,1.82,5.16,20.77
2020,7,6,410,42.41,13.47,20.95
2020,7,6,510,51.98,22.37,21.82
2020,7,6,610,129.65,31.55,22.93
2020,7,6,710,285.27,40.62,23.57
2020,7,6,810,348.1,49.04,23.87
2020,7,6,910,526.27,55.95,23.72
2020,7,6,1010,98.75,60.03,24.42
2020,7,6,1110,138.25,59.97,25.02
2020,7,6,1210,99.95,55.79,25.54
2020,7,6,1310,122.09,48.82,24.33
2020,7,6,1410,67.03,40.37,22.56
2020,7,6,1510,25.14,31.29,21.75
2020,7,6,1610,16.42,22.12,21.21
2020,7,6,1710,39.22,13.22,20.59
2020,7,6,1810,8.21,4.94,19.98
2020,7,6,1910,0,0,18.25
2020,7,6,2010,0,0,17.52
2020,7,6,2110,0,0,16.74
2020,7,6,2210,0,0,16.25
2020,7,6,2310,0,0,15.82
2020,7,7,10,0,0,15.44
2020,7,7,110,0,0,15.22
2020,7,7,210,0,0,14.95
2020,7,7,310,2.28,5.05,14.77
2020,7,7,410,25.99,13.36,14.8
2020,7,7,510,21.89,22.27,15.12
2020,7,7,610,47.88,31.45,15.55
2020,7,7,710,151.85,40.52,15.57
2020,7,7,810,422.04,48.93,16.44
2020,7,7,910,333.92,55.84,17.06
2020,7,7,1010,450.55,59.92,17.42
2020,7,7,1110,186.11,59.87,17.73
2020,7,7,1210,477.7,55.71,18.3
2020,7,7,1310,343.06,48.75,18.38
2020,7,7,1410,147.13,40.31,18.11
2020,7,7,1510,159.04,31.24,18.02
2020,7,7,1610,75.7,22.06,17.65
2020,7,7,1710,42.41,13.16,17.16
2020,7,7,1810,13.22,4.87,16.53
2020,7,7,1910,0,0,15.71
2020,7,7,2010,0,0,14.97
2020,7,7,2110,0,0,14.13
2020,7,7,2210,0,0,13.36
2020,7,7,2310,0,0,12.21
2020,7,8,10,0,0,11.4
2020,7,8,110,0,0,10.97
2020,7,8,210,0,0,10.81
2020,7,8,310,1.82,4.94,11.14
2020,7,8,410,6.84,13.25,12.56
2020,7,8,510,26.9,22.17,14.03
2020,7,8,610,139.93,31.35,15.24
2020,7,8,710,183.52,40.41,16.65
2020,7,8,810,141.29,48.82,17.46
2020,7,8,910,95.16,55.73,17.62
2020,7,8,1010,350.33,59.81,17.95
2020,7,8,1110,328.48,59.77,18.48
2020,7,8,1210,255.38,55.63,18.74
2020,7,8,1310,316.04,48.68,18.69
2020,7,8,1410,194.98,40.25,18.7
2020,7,8,1510,53.27,31.18,18.47
2020,7,8,1610,34.66,22.01,18.24
2020,7,8,1710,32.83,13.1,17.9
2020,7,8,1810,10.94,4.81,17.22
2020,7,8,1910,0,0,15.52
2020,7,8,2010,0,0,14.63
2020,7,8,2110,0,0,13.72
2020,7,8,2210,0,0,13.05
2020,7,8,2310,0,0,12.82
2020,7,9,10,0,0,12.25
2020,7,9,110,0,0,11.36
2020,7,9,210,0,0,10.72
2020,7,9,310,1.82,4.83,10.25
2020,7,9,410,7.3,13.14,11.3
2020,7,9,510,72.5,22.06,13.71
2020,7,9,610,136.65,31.24,15.09
2020,7,9,710,261.17,40.3,16.44
2020,7,9,810,239.86,48.71,17.45
2020,7,9,910,204.59,55.61,18.39
2020,7,9,1010,222.47,59.69,18.86
2020,7,9,1110,478.52,59.66,19.46
2020,7,9,1210,476.87,55.54,19.94
2020,7,9,1310,257.07,48.61,20.46
2020,7,9,1410,222.55,40.19,20.65
2020,7,9,1510,152.57,31.12,20.8
2020,7,9,1610,57.46,21.94,20.68
2020,7,9,1710,12.77,13.03,19.83
2020,7,9,1810,8.21,4.73,18.28
2020,7,9,1910,0,0,16.86
2020,7,9,2010,0,0,16.5
2020,7,9,2110,0,0,16.62
2020,7,9,2210,0,0,16.43
2020,7,9,2310,0,0,16.52
2020,7,10,10,0,0,16.49
2020,7,10,110,0,0,16.43
2020,7,10,210,0,0,16.49
2020,7,10,310,10.03,4.71,16.93
2020,7,10,410,6.38,13.02,17.48
2020,7,10,510,46.06,21.94,18.44
2020,7,10,610,158.41,31.12,19.76
2020,7,10,710,72.42,40.18,21.95
2020,7,10,810,262.63,48.59,23.75
2020,7,10,910,318.24,55.48,25.25
2020,7,10,1010,430.01,59.57,26.48
2020,7,10,1110,554.43,59.55,27.28
2020,7,10,1210,437.18,55.44,27.85
2020,7,10,1310,325.95,48.53,28.2
2020,7,10,1410,242.49,40.11,28.55
2020,7,10,1510,157.79,31.05,28.51
2020,7,10,1610,54.26,21.87,27.99
2020,7,10,1710,30.55,12.96,26.99
2020,7,10,1810,8.66,4.65,25.83
2020,7,10,1910,0,0,24.81
2020,7,10,2010,0,0,22.2
2020,7,10,2110,0,0,20.67
2020,7,10,2210,0,0,20.53
2020,7,10,2310,0,0,20.27
2020,7,11,10,0,0,19.88
2020,7,11,110,0,0,19.14
2020,7,11,210,0,0,17.69
2020,7,11,310,1.37,4.58,16.32
2020,7,11,410,6.38,12.9,15.38
2020,7,11,510,12.77,21.82,14.78
2020,7,11,610,38.3,31,14.74
2020,7,11,710,129.07,40.06,14.73
2020,7,11,810,119.7,48.46,15.15
2020,7,11,910,120.9,55.35,15.97
2020,7,11,1010,84.39,59.43,15.95
2020,7,11,1110,50.87,59.43,15.77
2020,7,11,1210,71.22,55.34,15.78
2020,7,11,1310,44.89,48.44,15.42
2020,7,11,1410,73.02,40.04,15.25
2020,7,11,1510,74.81,30.98,14.81
2020,7,11,1610,12.77,21.8,14.65
2020,7,11,1710,15.05,12.88,14.44
2020,7,11,1810,8.21,4.56,14.16
2020,7,11,1910,0,0,13.9
2020,7,11,2010,0,0,13.74
2020,7,11,2110,0,0,13.5
2020,7,11,2210,0,0,13.16
2020,7,11,2310,0,0,12.91
2020,7,12,10,0,0,12.45
2020,7,12,110,0,0,12.22
2020,7,12,210,0,0,12
2020,7,12,310,3.19,4.46,11.83
2020,7,12,410,34.2,12.78,12.16
2020,7,12,510,66.58,21.7,13.25
2020,7,12,610,149.62,30.88,14.63
2020,7,12,710,303.28,39.94,15.63
2020,7,12,810,440.1,48.33,16.83
2020,7,12,910,358.43,55.22,17.4
2020,7,12,1010,307.42,59.3,17.92
2020,7,12,1110,448.89,59.3,18.42
2020,7,12,1210,297.66,55.23,18.67
2020,7,12,1310,134.66,48.35,18.84
2020,7,12,1410,223.18,39.95,19.05
2020,7,12,1510,164.16,30.9,18.69
2020,7,12,1610,68.86,21.72,18.33
2020,7,12,1710,34.2,12.79,17.71
2020,7,12,1810,11.86,4.47,16.83
2020,7,12,1910,0,0,15.96
2020,7,12,2010,0,0,14.82
2020,7,12,2110,0,0,13.87
2020,7,12,2210,0,0,12.98
2020,7,12,2310,0,0,12.28
2020,7,13,10,0,0,12.16
2020,7,13,110,0,0,12.19
2020,7,13,210,0,0,11.93
2020,7,13,310,1.37,4.32,11.46
2020,7,13,410,6.38,12.65,11.94
2020,7,13,510,34.2,21.58,13.21
2020,7,13,610,159.7,30.76,14.36
2020,7,13,710,261.25,39.81,15.18
2020,7,13,810,374.9,48.2,15.98
2020,7,13,910,97.56,55.08,16.51
2020,7,13,1010,134.66,59.15,17.43
2020,7,13,1110,104.14,59.16,18.15
2020,7,13,1210,95.76,55.11,18.41
2020,7,13,1310,229.57,48.25,18.93
2020,7,13,1410,221.2,39.86,19.07
2020,7,13,1510,161.7,30.81,18.81
2020,7,13,1610,74.33,21.63,18.22
2020,7,13,1710,41.04,12.7,17.82
2020,7,13,1810,10.94,4.37,17.32
2020,7,13,1910,0,0,16.15
2020,7,13,2010,0,0,15.46
2020,7,13,2110,0,0,14.68
2020,7,13,2210,0,0,13.66
2020,7,13,2310,0,0,12.74
2020,7,14,10,0,0,11.99
2020,7,14,110,0,0,11.56
2020,7,14,210,0,0,11.07
2020,7,14,310,1.37,4.19,10.74
2020,7,14,410,33.74,12.52,12.22
2020,7,14,510,42.86,21.45,14.42
2020,7,14,610,151.29,30.63,16.51
2020,7,14,710,283.28,39.68,17.59
2020,7,14,810,440.33,48.06,18.99
2020,7,14,910,507.83,54.93,19.77
2020,7,14,1010,511.58,59,20.24
2020,7,14,1110,598.3,59.02,20.59
2020,7,14,1210,453.45,54.99,21.13
2020,7,14,1310,382.89,48.14,21.34
2020,7,14,1410,117.81,39.76,21.73
2020,7,14,1510,55.06,30.72,21.7
2020,7,14,1610,71.59,21.53,21.36
2020,7,14,1710,26.45,12.6,20.92
2020,7,14,1810,7.75,4.26,19.5
2020,7,14,1910,0,0,18.73
2020,7,14,2010,0,0,16.61
2020,7,14,2110,0,0,15.19
2020,7,14,2210,0,0,14.8
2020,7,14,2310,0,0,14.09
2020,7,15,10,0,0,13.43
2020,7,15,110,0,0,12.96
2020,7,15,210,0,0,12.4
2020,7,15,310,2.74,4.05,12.37
2020,7,15,410,38.76,12.38,13
2020,7,15,510,53.35,21.31,16.03
2020,7,15,610,142.18,30.5,18.32
2020,7,15,710,300.91,39.54,19.66
2020,7,15,810,447.07,47.92,21.05
2020,7,15,910,379.6,54.78,22.32
2020,7,15,1010,298.44,58.85,22.95
2020,7,15,1110,301.68,58.88,23.25
2020,7,15,1210,498.64,54.86,23.64
2020,7,15,1310,326.52,48.03,23.64
2020,7,15,1410,254.71,39.66,23.51
2020,7,15,1510,141.93,30.62,23.56
2020,7,15,1610,45.6,21.43,23.49
2020,7,15,1710,32.83,12.5,22.74
2020,7,15,1810,10.94,4.15,21.61
2020,7,15,1910,0,0,20.25
2020,7,15,2010,0,0,18.93
2020,7,15,2110,0,0,17.91
2020,7,15,2210,0,0,17.55
2020,7,15,2310,0,0,16.98
2020,7,16,10,0,0,16.25
2020,7,16,110,0,0,15.5
2020,7,16,210,0,0,15.03
2020,7,16,310,1.37,3.9,14.57
2020,7,16,410,5.93,12.24,15.19
2020,7,16,510,49.7,21.18,17.03
2020,7,16,610,154.21,30.36,18.02
2020,7,16,710,295.95,39.41,18.94
2020,7,16,810,334.76,47.78,19.88
2020,7,16,910,116.71,54.63,20.14
2020,7,16,1010,73.02,58.69,19.53
2020,7,16,1110,146.03,58.72,19.86
2020,7,16,1210,267.92,54.72,20.33
2020,7,16,1310,307.36,47.91,19.72
2020,7,16,1410,122.01,39.55,18.65
2020,7,16,1510,49.08,30.51,18.15
2020,7,16,1610,53.35,21.33,17.96
2020,7,16,1710,12.31,12.39,17.77
2020,7,16,1810,1.37,4.03,17.08
2020,7,16,1910,0,0,16.03
2020,7,16,2010,0,0,15.51
2020,7,16,2110,0,0,15.09
2020,7,16,2210,0,0,14.58
2020,7,16,2310,0,0,14.4
2020,7,17,10,0,0,14.25
2020,7,17,110,0,0,14.04
2020,7,17,210,0,0,13.6
2020,7,17,310,1.37,3.75,13.55
2020,7,17,410,5.93,12.1,14
2020,7,17,510,18.7,21.04,14.91
2020,7,17,610,83.19,30.22,15.89
2020,7,17,710,93.96,39.26,16.96
2020,7,17,810,134.06,47.63,17.91
2020,7,17,910,185.51,54.47,18.83
2020,7,17,1010,278.19,58.52,19.68
2020,7,17,1110,341.03,58.56,20.55
2020,7,17,1210,546.28,54.58,21.22
2020,7,17,1310,444.41,47.78,21.26
2020,7,17,1410,303.47,39.44,21.7
2020,7,17,1510,160.32,30.4,21.27
2020,7,17,1610,47.42,21.22,21.13
2020,7,17,1710,33.29,12.27,20.89
2020,7,17,1810,9.58,3.91,20.32
2020,7,17,1910,0,0,18.64
2020,7,17,2010,0,0,17.4
2020,7,17,2110,0,0,16.33
2020,7,17,2210,0,0,15.73
2020,7,17,2310,0,0,15.3
2020,7,18,10,0,0,15.07
2020,7,18,110,0,0,14.8
2020,7,18,210,0,0,14.61
2020,7,18,310,0.91,3.6,14.28
2020,7,18,410,36.94,11.95,14.99
2020,7,18,510,51.98,20.89,17.74
2020,7,18,610,140.99,30.08,19.91
2020,7,18,710,300.91,39.12,21.33
2020,7,18,810,443.73,47.47,22.77
2020,7,18,910,552.98,54.3,24.04
2020,7,18,1010,579.49,58.35,24.89
2020,7,18,1110,552.29,58.4,25.3
2020,7,18,1210,429.81,54.43,25.58
2020,7,18,1310,432.52,47.65,25.5
2020,7,18,1410,290.69,39.32,25.61
2020,7,18,1510,155.37,30.29,25.14
2020,7,18,1610,38.76,21.1,24.7
2020,7,18,1710,34.66,12.15,23.96
2020,7,18,1810,8.66,3.78,22.71
2020,7,18,1910,0,0,21.73
2020,7,18,2010,0,0,20.77
2020,7,18,2110,0,0,19.88
2020,7,18,2210,0,0,19.23
2020,7,18,2310,0,0,18.4
2020,7,19,10,0,0,17.69
2020,7,19,110,0,0,17.12
2020,7,19,210,0,0,16.63
2020,7,19,310,0.91,3.44,16.28
2020,7,19,410,34.2,11.8,16.98
2020,7,19,510,51.53,20.75,18.72
2020,7,19,610,145.55,29.93,20.58
2020,7,19,710,302.61,38.97,22.94
2020,7,19,810,443.13,47.32,24.4
2020,7,19,910,555.63,54.13,25.16
2020,7,19,1010,476.36,58.17,25.38
2020,7,19,1110,600.86,58.22,25.84
2020,7,19,1210,346.89,54.28,26.05
2020,7,19,1310,344.42,47.51,26.36
2020,7,19,1410,308.13,39.19,26.41
2020,7,19,1510,160.44,30.17,26.35
2020,7,19,1610,38.3,20.98,25.86
2020,7,19,1710,28.27,12.02,24.81
2020,7,19,1810,9.12,3.65,23.42
2020,7,19,1910,0,0,21.88
2020,7,19,2010,0,0,20.75
2020,7,19,2110,0,0,19.71
2020,7,19,2210,0,0,18.71
2020,7,19,2310,0,0,17.56
2020,7,20,10,0,0,16.51
2020,7,20,110,0,0,16.03
2020,7,20,210,0,0,15.92
2020,7,20,310,0.91,3.28,15.53
2020,7,20,410,15.05,11.65,15.87
2020,7,20,510,69.31,20.6,18.31
2020,7,20,610,153.07,29.78,20.53
2020,7,20,710,223.95,38.82,22.84
2020,7,20,810,438.34,47.15,24.47
2020,7,20,910,549.76,53.96,25.65
2020,7,20,1010,615.3,57.99,26.34
2020,7,20,1110,542.07,58.04,26.82
2020,7,20,1210,562.91,54.11,27.09
2020,7,20,1310,453.13,47.37,27.18
2020,7,20,1410,308.53,39.06,26.82
2020,7,20,1510,155.52,30.04,24.28
2020,7,20,1610,13.68,20.85,23.44
2020,7,20,1710,12.31,11.89,23.38
2020,7,20,1810,1.82,3.5,22.56
2020,7,20,1910,0,0,21.05
2020,7,20,2010,0,0,20.09
2020,7,20,2110,0,0,19.36
2020,7,20,2210,0,0,18.97
2020,7,20,2310,0,0,18.48
2020,7,21,10,0,0,17.89
2020,7,21,110,0,0,17.97
2020,7,21,210,0,0,17.63
2020,7,21,310,0.91,3.12,17.13
2020,7,21,410,5.93,11.49,16.73
2020,7,21,510,66.58,20.45,16.71
2020,7,21,610,55.66,29.63,17.03
2020,7,21,710,182.83,38.66,17.53
2020,7,21,810,436.3,46.99,18.25
2020,7,21,910,353.6,53.78,19.13
2020,7,21,1010,572.63,57.8,20.03
2020,7,21,1110,495.3,57.86,20.5
2020,7,21,1210,366.45,53.95,20.72
2020,7,21,1310,345,47.22,20.89
2020,7,21,1410,304.76,38.92,20.77
2020,7,21,1510,158.74,29.9,20.66
2020,7,21,1610,68.86,20.72,20.4
2020,7,21,1710,31.46,11.75,19.92
2020,7,21,1810,8.21,3.36,18.98
2020,7,21,1910,0,0,18.08
2020,7,21,2010,0,0,16.94
2020,7,21,2110,0,0,16.13
2020,7,21,2210,0,0,15.59
2020,7,21,2310,0,0,14.86
2020,7,22,10,0,0,14.2
2020,7,22,110,0,0,13.49
2020,7,22,210,0,0,12.92
2020,7,22,310,2.28,2.95,12.38
2020,7,22,410,33.74,11.33,12.73
2020,7,22,510,41.95,20.29,14.95
2020,7,22,610,145.93,29.48,16.65
2020,7,22,710,315.6,38.5,17.96
2020,7,22,810,460.75,46.82,18.61
2020,7,22,910,443.96,53.6,18.81
2020,7,22,1010,581.86,57.6,19.35
2020,7,22,1110,571.77,57.67,19.86
2020,7,22,1210,517.08,53.77,20.19
2020,7,22,1310,448.34,47.06,20.19
2020,7,22,1410,188.63,38.77,20.56
2020,7,22,1510,168.12,29.76,20.33
2020,7,22,1610,49.7,20.58,19.89
2020,7,22,1710,31.01,11.61,19.13
2020,7,22,1810,7.75,3.2,18.36
2020,7,22,1910,0,0,17.19
2020,7,22,2010,0,0,15.92
2020,7,22,2110,0,0,14.78
2020,7,22,2210,0,0,13.68
2020,7,22,2310,0,0,12.8
2020,7,23,10,0,0,12.08
2020,7,23,110,0,0,11.67
2020,7,23,210,0,0,11.37
2020,7,23,310,0.91,2.78,11.42
2020,7,23,410,9.12,11.17,11.94
2020,7,23,510,27.36,20.13,14.05
2020,7,23,610,78.4,29.32,15.54
2020,7,23,710,136.88,38.34,15.96
2020,7,23,810,226.28,46.65,17.31
2020,7,23,910,252.95,53.41,17.98
2020,7,23,1010,250.52,57.4,18.85
2020,7,23,1110,396.9,57.47,19.31
2020,7,23,1210,256.83,53.59,19.83
2020,7,23,1310,108.93,46.9,19.83
2020,7,23,1410,90.37,38.62,19.97
2020,7,23,1510,89.44,29.62,19.62
2020,7,23,1610,44.69,20.43,19.29
2020,7,23,1710,26.45,11.46,18.84
2020,7,23,1810,4.1,3.04,18.07
2020,7,23,1910,0,0,16.81
2020,7,23,2010,0,0,15.87
2020,7,23,2110,0,0,15
2020,7,23,2210,0,0,14.41
2020,7,23,2310,0,0,13.8
2020,7,24,10,0,0,13.01
2020,7,24,110,0,0,12.71
2020,7,24,210,0,0,12.21
2020,7,24,310,0.46,2.61,11.42
2020,7,24,410,32.83,11,12.1
2020,7,24,510,44.23,19.97,14.8
2020,7,24,610,149.86,29.16,17.17
2020,7,24,710,308.96,38.17,18.71
2020,7,24,810,420.33,46.47,19.97
2020,7,24,910,556.53,53.22,20.95
2020,7,24,1010,612.19,57.2,21.92
2020,7,24,1110,622.3,57.27,22.59
2020,7,24,1210,567.32,53.4,22.92
2020,7,24,1310,466.87,46.73,23.18
2020,7,24,1410,322.12,38.47,23.17
2020,7,24,1510,154.43,29.47,23.4
2020,7,24,1610,51.98,20.28,23.09
2020,7,24,1710,31.92,11.3,22.27
2020,7,24,1810,5.93,2.88,21.14
2020,7,24,1910,0,0,20.2
2020,7,24,2010,0,0,19.18
2020,7,24,2110,0,0,18.48
2020,7,24,2210,0,0,18.03
2020,7,24,2310,0,0,17.71
2020,7,25,10,0,0,17.02
2020,7,25,110,0,0,16.44
2020,7,25,210,0,0,15.94
2020,7,25,310,0.46,2.43,15.46
2020,7,25,410,33.74,10.84,15.78
2020,7,25,510,48.79,19.81,17.43
2020,7,25,610,161.58,28.99,19.25
2020,7,25,710,317.71,38,20.69
2020,7,25,810,472.31,46.29,22.05
2020,7,25,910,581.66,53.02,22.94
2020,7,25,1010,638.68,56.99,23.76
2020,7,25,1110,650.38,57.06,24.29
2020,7,25,1210,586.85,53.21,24.7
2020,7,25,1310,476.21,46.55,24.88
2020,7,25,1410,325.48,38.3,24.97
2020,7,25,1510,157,29.31,24.71
2020,7,25,1610,47.42,20.12,24.18
2020,7,25,1710,29.64,11.14,23.23
2020,7,25,1810,5.93,2.71,21.71
2020,7,25,1910,0,0,20.45
2020,7,25,2010,0,0,19.1
2020,7,25,2110,0,0,17.75
2020,7,25,2210,0,0,16.62
2020,7,25,2310,0,0,15.72
2020,7,26,10,0,0,14.95
2020,7,26,110,0,0,14.28
2020,7,26,210,0,0,13.69
2020,7,26,310,0,0,13.31
2020,7,26,410,32.38,10.66,13.74
2020,7,26,510,46.06,19.64,16.97
2020,7,26,610,152.06,28.83,19.5
2020,7,26,710,315.31,37.83,22.18
2020,7,26,810,467.11,46.11,23.8
2020,7,26,910,573.2,52.82,24.79
2020,7,26,1010,628.65,56.77,25.67
2020,7,26,1110,645.24,56.85,26.4
2020,7,26,1210,580.67,53.01,26.94
2020,7,26,1310,469.09,46.37,27.3
2020,7,26,1410,324.43,38.13,27.52
2020,7,26,1510,159.61,29.15,27.46
2020,7,26,1610,49.7,19.96,27.03
2020,7,26,1710,29.64,10.97,25.86
2020,7,26,1810,4.1,2.53,25.93
2020,7,26,1910,0,0,23.62
2020,7,26,2010,0,0,22.36
2020,7,26,2110,0,0,20.81
2020,7,26,2210,0,0,19.92
2020,7,26,2310,0,0,18.75
2020,7,27,10,0,0,17.78
2020,7,27,110,0,0,16.96
2020,7,27,210,0,0,17.05
2020,7,27,310,0,0,17.14
2020,7,27,410,5.02,10.49,17.84
2020,7,27,510,47.88,19.47,19.14
2020,7,27,610,139.67,28.66,20.7
2020,7,27,710,230.89,37.66,21.63
2020,7,27,810,176.49,45.92,22.18
2020,7,27,910,401.22,52.62,22.72
2020,7,27,1010,608.22,56.55,23.34
2020,7,27,1110,544.91,56.63,24.07
2020,7,27,1210,263.11,52.81,24.71
2020,7,27,1310,369.63,46.18,24.95
2020,7,27,1410,297.06,37.96,24.74
2020,7,27,1510,156.55,28.98,24.63
2020,7,27,1610,43.78,19.79,24.38
2020,7,27,1710,33.29,10.79,23.85
2020,7,27,1810,0.91,2.35,22.47
2020,7,27,1910,0,0,21.73
2020,7,27,2010,0,0,20.39
2020,7,27,2110,0,0,19.48
2020,7,27,2210,0,0,19.18
2020,7,27,2310,0,0,18.95
2020,7,28,10,0,0,18.78
2020,7,28,110,0,0,18.34
2020,7,28,210,0,0,17.71
2020,7,28,310,0,0,17.23
2020,7,28,410,13.68,10.31,17.5
2020,7,28,510,63.84,19.3,19.03
2020,7,28,610,155.36,28.49,20.9
2020,7,28,710,230.53,37.48,22.53
2020,7,28,810,450.98,45.73,24.73
2020,7,28,910,557.77,52.41,26.41
2020,7,28,1010,582.58,56.33,27.67
2020,7,28,1110,606.65,56.4,28.34
2020,7,28,1210,545.18,52.6,28.88
2020,7,28,1310,463.8,45.99,29.17
2020,7,28,1410,318.03,37.78,29.54
2020,7,28,1510,125.04,28.8,29.74
2020,7,28,1610,65.66,19.61,29.5
2020,7,28,1710,32.38,10.61,28.57
2020,7,28,1810,0,0,26.86
2020,7,28,1910,0,0,24.82
2020,7,28,2010,0,0,24.24
2020,7,28,2110,0,0,23.87
2020,7,28,2210,0,0,23.34
2020,7,28,2310,0,0,22.55
2020,7,29,10,0,0,21.68
2020,7,29,110,0,0,20.31
2020,7,29,210,0,0,19.72
2020,7,29,310,0,0,19.38
2020,7,29,410,5.93,10.13,19.19
2020,7,29,510,64.3,19.12,19.67
2020,7,29,610,22.74,28.31,20.05
2020,7,29,710,279.27,37.3,20.4
2020,7,29,810,467.49,45.54,21.04
2020,7,29,910,583.59,52.2,21.69
2020,7,29,1010,565.22,56.1,22.98
2020,7,29,1110,570.05,56.17,23.73
2020,7,29,1210,317.02,52.38,24.12
2020,7,29,1310,395.44,45.79,24.07
2020,7,29,1410,310.16,37.59,23.75
2020,7,29,1510,164.13,28.62,23.73
2020,7,29,1610,47.42,19.43,23.41
2020,7,29,1710,29.64,10.43,22.99
2020,7,29,1810,0,0,21.71
2020,7,29,1910,0,0,19.9
2020,7,29,2010,0,0,18.32
2020,7,29,2110,0,0,17.12
2020,7,29,2210,0,0,16.33
2020,7,29,2310,0,0,15.76
2020,7,30,10,0,0,15.26
2020,7,30,110,0,0,15.61
2020,7,30,210,0,0,15.77
2020,7,30,310,0,0,14.91
2020,7,30,410,5.02,9.95,14.39
2020,7,30,510,44.69,18.95,17.03
2020,7,30,610,164.92,28.14,19.58
2020,7,30,710,330.98,37.12,20.19
2020,7,30,810,488.18,45.34,21.25
2020,7,30,910,599.73,51.98,22.01
2020,7,30,1010,663.39,55.87,22.58
2020,7,30,1110,672.87,55.93,22.95
2020,7,30,1210,608.16,52.16,23.19
2020,7,30,1310,493.53,45.59,23.37
2020,7,30,1410,340.03,37.4,23.34
2020,7,30,1510,168.44,28.43,23.11
2020,7,30,1610,48.34,19.24,22.55
2020,7,30,1710,23.26,10.24,21.75
2020,7,30,1810,0,0,20.35
2020,7,30,1910,0,0,19.02
2020,7,30,2010,0,0,17.88
2020,7,30,2110,0,0,16.62
2020,7,30,2210,0,0,15.62
2020,7,30,2310,0,0,15.02
2020,7,31,10,0,0,14.38
2020,7,31,110,0,0,13.45
2020,7,31,210,0,0,12.53
2020,7,31,310,0,0,11.91
2020,7,31,410,4.56,9.76,12.52
2020,7,31,510,57.91,18.77,14.7
2020,7,31,610,160,27.96,17.23
2020,7,31,710,328.87,36.93,18.76
2020,7,31,810,445.16,45.14,19.65
2020,7,31,910,504.65,51.76,20.44
2020,7,31,1010,591.9,55.63,21.1
2020,7,31,1110,505.15,55.69,21.55
2020,7,31,1210,515.1,51.93,21.85
2020,7,31,1310,261.69,45.38,21.83
2020,7,31,1410,294.89,37.2,21.22
2020,7,31,1510,126.51,28.24,21.05
2020,7,31,1610,49.7,19.05,20.64
2020,7,31,1710,21.43,10.04,20.28
2020,7,31,1810,0,0,19.48
2020,7,31,1910,0,0,18.78
2020,7,31,2010,0,0,18.07
2020,7,31,2110,0,0,17.14
2020,7,31,2210,0,0,16.45
2020,7,31,2310,0,0,15.71
2020,8,1,10,0,0,15.1
2020,8,1,110,0,0,14.68
2020,8,1,210,0,0,14.23
2020,8,1,310,0,0,13.89
2020,8,1,410,4.56,9.58,14.11
2020,8,1,510,19.15,18.58,15.02
2020,8,1,610,100.08,27.77,16.03
2020,8,1,710,197.58,36.74,16.89
2020,8,1,810,219.67,44.94,18.11
2020,8,1,910,380.73,51.54,19.27
2020,8,1,1010,212.51,55.38,20.44
2020,8,1,1110,636.94,55.44,21.36
2020,8,1,1210,538.21,51.7,22.31
2020,8,1,1310,433.85,45.16,23.18
2020,8,1,1410,308.23,37,23.74
2020,8,1,1510,169.18,28.04,23.91
2020,8,1,1610,45.14,18.86,23.65
2020,8,1,1710,30.1,9.84,22.82
2020,8,1,1810,0,0,21.38
2020,8,1,1910,0,0,19.35
2020,8,1,2010,0,0,17.77
2020,8,1,2110,0,0,16.69
2020,8,1,2210,0,0,15.53
2020,8,1,2310,0,0,14.62
2020,8,2,10,0,0,14.66
2020,8,2,110,0,0,15.48
2020,8,2,210,0,0,14.91
2020,8,2,310,0,0,14.29
2020,8,2,410,27.82,9.39,13.91
2020,8,2,510,38.3,18.4,15.02
2020,8,2,610,164.33,27.59,17.94
2020,8,2,710,337.2,36.55,20.19
2020,8,2,810,479.36,44.73,22.08
2020,8,2,910,599.51,51.31,23.5
2020,8,2,1010,664.99,55.14,24.38
2020,8,2,1110,650,55.19,25.11
2020,8,2,1210,593.31,51.46,25.62
2020,8,2,1310,458.67,44.94,25.97
2020,8,2,1410,341.57,36.79,26.06
2020,8,2,1510,174.15,27.84,26
2020,8,2,1610,47.88,18.65,25.68
2020,8,2,1710,25.99,9.63,24.82
2020,8,2,1810,0,0,23.17
2020,8,2,1910,0,0,21.5
2020,8,2,2010,0,0,20.65
2020,8,2,2110,0,0,20.09
2020,8,2,2210,0,0,19.8
2020,8,2,2310,0,0,19.54
2020,8,3,10,0,0,19.34
2020,8,3,110,0,0,18.86
2020,8,3,210,0,0,18.65
2020,8,3,310,0,0,18.67
2020,8,3,410,15.5,9.19,18.59
2020,8,3,510,51.07,18.21,18.98
2020,8,3,610,156.08,27.4,19.51
2020,8,3,710,135.08,36.35,21.07
2020,8,3,810,247.2,44.52,22.39
2020,8,3,910,242.27,51.08,24.15
2020,8,3,1010,104.14,54.88,24.92
2020,8,3,1110,259.36,54.93,25.43
2020,8,3,1210,242.93,51.21,25.69
2020,8,3,1310,131.28,44.71,25.93
2020,8,3,1410,60.45,36.57,26.08
2020,8,3,1510,34.71,27.63,25.04
2020,8,3,1610,59.28,18.44,22.98
2020,8,3,1710,6.84,9.42,21
2020,8,3,1810,0,0,20.02
2020,8,3,1910,0,0,19.37
2020,8,3,2010,0,0,18.84
2020,8,3,2110,0,0,18.46
2020,8,3,2210,0,0,18.35
2020,8,3,2310,0,0,18.22
2020,8,4,10,0,0,18.08
2020,8,4,110,0,0,17.83
2020,8,4,210,0,0,17.65
2020,8,4,310,0,0,17.23
2020,8,4,410,4.1,9,17.21
2020,8,4,510,10.03,18.02,17.81
2020,8,4,610,21.55,27.21,18.73
2020,8,4,710,39.5,36.16,18.89
2020,8,4,810,93.96,44.31,18.79
2020,8,4,910,79.6,50.84,19.07
2020,8,4,1010,73.62,54.63,19.23
2020,8,4,1110,71.22,54.67,19.13
2020,8,4,1210,51.47,50.96,19.07
2020,8,4,1310,62.24,44.48,19.16
2020,8,4,1410,33.52,36.35,19.12
2020,8,4,1510,68.83,27.42,19.02
2020,8,4,1610,31.46,18.23,18.73
2020,8,4,1710,10.03,9.2,18.51
2020,8,4,1810,0,0,17.88
2020,8,4,1910,0,0,17.02
2020,8,4,2010,0,0,16.4
2020,8,4,2110,0,0,16.03
2020,8,4,2210,0,0,15.8
2020,8,4,2310,0,0,15.59
2020,8,5,10,0,0,15.18
2020,8,5,110,0,0,14.76
2020,8,5,210,0,0,14.41
2020,8,5,310,0,0,13.83
2020,8,5,410,8.21,8.8,13.52
2020,8,5,510,26.9,17.83,14
2020,8,5,610,101.61,27.02,15.07
2020,8,5,710,161.73,35.96,15.86
2020,8,5,810,483.05,44.09,17.48
2020,8,5,910,392.65,50.6,19.08
2020,8,5,1010,575.55,54.37,20.43
2020,8,5,1110,677.98,54.41,21.48
2020,8,5,1210,607.29,50.7,22.25
2020,8,5,1310,482.19,44.24,22.77
2020,8,5,1410,344.93,36.13,23.02
2020,8,5,1510,170.37,27.2,22.99
2020,8,5,1610,41.5,18.01,22.64
2020,8,5,1710,24.62,8.97,21.82
2020,8,5,1810,0,0,20.46
2020,8,5,1910,0,0,19.06
2020,8,5,2010,0,0,17.89
2020,8,5,2110,0,0,17.07
2020,8,5,2210,0,0,16.6
2020,8,5,2310,0,0,16.32
2020,8,6,10,0,0,15.95
2020,8,6,110,0,0,15.55
2020,8,6,210,0,0,15.2
2020,8,6,310,0,0,15
2020,8,6,410,3.65,8.6,15.26
2020,8,6,510,53.35,17.64,16.71
2020,8,6,610,142.47,26.83,18.47
2020,8,6,710,326.46,35.76,19.97
2020,8,6,810,479.9,43.87,21.56
2020,8,6,910,597.66,50.36,22.86
2020,8,6,1010,653.38,54.1,24.11
2020,8,6,1110,663.73,54.13,25.06
2020,8,6,1210,599.76,50.44,25.82
2020,8,6,1310,480.45,43.99,26.33
2020,8,6,1410,337.25,35.89,26.59
2020,8,6,1510,171.75,26.97,26.79
2020,8,6,1610,46.51,17.79,26.3
2020,8,6,1710,25.54,8.75,25.4
2020,8,6,1810,0,0,23.85
2020,8,6,1910,0,0,23.2
2020,8,6,2010,0,0,22.45
2020,8,6,2110,0,0,21.85
2020,8,6,2210,0,0,21.38
2020,8,6,2310,0,0,20.9
2020,8,7,10,0,0,20.42
2020,8,7,110,0,0,19.8
2020,8,7,210,0,0,19.26
2020,8,7,310,0,0,18.75
2020,8,7,410,19.61,8.4,18.6
2020,8,7,510,47.42,17.44,19.86
2020,8,7,610,170.39,26.63,21.84
2020,8,7,710,333.54,35.55,23.49
2020,8,7,810,489.15,43.65,25.27
2020,8,7,910,595.01,50.11,26.8
2020,8,7,1010,639.67,53.83,27.99
2020,8,7,1110,628.64,53.86,28.7
2020,8,7,1210,438.91,50.17,29.11
2020,8,7,1310,443.23,43.74,29.32
2020,8,7,1410,340.96,35.66,29.28
2020,8,7,1510,172.56,26.74,28.94
2020,8,7,1610,44.23,17.56,28.13
2020,8,7,1710,24.62,8.51,26.8
2020,8,7,1810,0,0,25.18
2020,8,7,1910,0,0,24.72
2020,8,7,2010,0,0,23.65
2020,8,7,2110,0,0,22.77
2020,8,7,2210,0,0,21.91
2020,8,7,2310,0,0,21.25
2020,8,8,10,0,0,20.6
2020,8,8,110,0,0,19.98
2020,8,8,210,0,0,19.52
2020,8,8,310,0,0,19.12
2020,8,8,410,22.8,8.2,19.05
2020,8,8,510,47.88,17.25,20.63
2020,8,8,610,172.36,26.43,22.73
2020,8,8,710,339.02,35.35,24.72
2020,8,8,810,491.95,43.43,26.37
2020,8,8,910,607.26,49.86,27.87
2020,8,8,1010,638.9,53.56,28.71
2020,8,8,1110,658.05,53.57,29.19
2020,8,8,1210,590.65,49.9,29.56
2020,8,8,1310,475.72,43.48,29.74
2020,8,8,1410,343.13,35.41,29.81
2020,8,8,1510,173.95,26.51,29.68
2020,8,8,1610,41.5,17.32,29.23
2020,8,8,1710,23.71,8.27,27.98
2020,8,8,1810,0,0,26.23
2020,8,8,1910,0,0,25.07
2020,8,8,2010,0,0,23.8
2020,8,8,2110,0,0,22.78
2020,8,8,2210,0,0,21.87
2020,8,8,2310,0,0,21
2020,8,9,10,0,0,19.96
2020,8,9,110,0,0,19.53
2020,8,9,210,0,0,19.94
2020,8,9,310,0,0,20.65
2020,8,9,410,23.26,8,20.32
2020,8,9,510,49.7,17.05,20.89
2020,8,9,610,174.32,26.23,23.36
2020,8,9,710,340.23,35.14,25.23
2020,8,9,810,471.06,43.2,26.87
2020,8,9,910,594.04,49.61,28.31
2020,8,9,1010,526.84,53.28,29.13
2020,8,9,1110,413.94,53.29,29.52
2020,8,9,1210,591.74,49.63,26.22
2020,8,9,1310,451.08,43.22,26.38
2020,8,9,1410,87.98,35.17,26.7
2020,8,9,1510,34.71,26.27,27.07
2020,8,9,1610,54.72,17.08,26.82
2020,8,9,1710,21.43,8.03,26.22
2020,8,9,1810,0,0,24.91
2020,8,9,1910,0,0,23.48
2020,8,9,2010,0,0,22.84
2020,8,9,2110,0,0,22.18
2020,8,9,2210,0,0,21.52
2020,8,9,2310,0,0,20.57
2020,8,10,10,0,0,19.48
2020,8,10,110,0,0,18.55
2020,8,10,210,0,0,17.73
2020,8,10,310,0,0,17.13
2020,8,10,410,22.34,7.79,17.11
2020,8,10,510,42.41,16.85,19.14
2020,8,10,610,177.51,26.03,21.44
2020,8,10,710,346.51,34.92,23.44
2020,8,10,810,508.16,42.97,25.1
2020,8,10,910,620.27,49.35,26.45
2020,8,10,1010,593.51,53,27.36
2020,8,10,1110,584.65,53,27.65
2020,8,10,1210,468.16,49.34,28.18
2020,8,10,1310,262.39,42.96,28.28
2020,8,10,1410,240.29,34.91,28.2
2020,8,10,1510,177.96,26.02,27.56
2020,8,10,1610,41.95,16.84,27.07
2020,8,10,1710,21.89,7.78,26.19
2020,8,10,1810,0,0,24.79
2020,8,10,1910,0,0,23.67
2020,8,10,2010,0,0,22.32
2020,8,10,2110,0,0,21.35
2020,8,10,2210,0,0,20.55
2020,8,10,2310,0,0,19.82
2020,8,11,10,0,0,19.31
2020,8,11,110,0,0,18.78
2020,8,11,210,0,0,18.24
2020,8,11,310,0,0,17.85
2020,8,11,410,21.89,7.58,17.79
2020,8,11,510,38.3,16.65,19.37
2020,8,11,610,180.19,25.83,21.27
2020,8,11,710,348.91,34.71,23.01
2020,8,11,810,494.32,42.73,24.63
2020,8,11,910,617.2,49.09,25.91
2020,8,11,1010,583.82,52.71,26.69
2020,8,11,1110,611.1,52.7,27.12
2020,8,11,1210,577.14,49.06,27.19
2020,8,11,1310,494.81,42.69,27.34
2020,8,11,1410,338.4,34.65,27.01
2020,8,11,1510,179.93,25.77,26.61
2020,8,11,1610,41.95,16.59,25.78
2020,8,11,1710,20.98,7.52,24.54
2020,8,11,1810,0,0,22.93
2020,8,11,1910,0,0,21.64
2020,8,11,2010,0,0,20.45
2020,8,11,2110,0,0,19.38
2020,8,11,2210,0,0,18.49
2020,8,11,2310,0,0,17.7
2020,8,12,10,0,0,17
2020,8,12,110,0,0,16.32
2020,8,12,210,0,0,15.7
2020,8,12,310,0,0,15.11
2020,8,12,410,19.61,7.37,14.78
2020,8,12,510,35.57,16.44,15.92
2020,8,12,610,186.46,25.62,18.11
2020,8,12,710,366.2,34.49,19.75
2020,8,12,810,526.1,42.5,21.48
2020,8,12,910,643.13,48.83,22.66
2020,8,12,1010,701.73,52.42,23.45
2020,8,12,1110,701.61,52.4,24.05
2020,8,12,1210,642.76,48.77,24.58
2020,8,12,1310,518.27,42.41,24.92
2020,8,12,1410,366,34.39,25.01
2020,8,12,1510,185.1,25.51,24.86
2020,8,12,1610,38.76,16.33,24.4
2020,8,12,1710,20.52,7.26,23.41
2020,8,12,1810,0,0,21.8
2020,8,12,1910,0,0,20.65
2020,8,12,2010,0,0,19.09
2020,8,12,2110,0,0,17.79
2020,8,12,2210,0,0,16.68
2020,8,12,2310,0,0,15.61
2020,8,13,10,0,0,14.87
2020,8,13,110,0,0,14.55
2020,8,13,210,0,0,14.54
2020,8,13,310,0,0,14.02
2020,8,13,410,20.06,7.16,13.33
2020,8,13,510,39.67,16.24,15.17
2020,8,13,610,187.53,25.41,18.5
2020,8,13,710,364.89,34.28,20.56
2020,8,13,810,523.94,42.26,22.74
2020,8,13,910,623.45,48.56,24.32
2020,8,13,1010,659.61,52.13,25.22
2020,8,13,1110,638.83,52.1,25.92
2020,8,13,1210,559.86,48.47,26.18
2020,8,13,1310,374.14,42.13,26.42
2020,8,13,1410,295.22,34.12,26.4
2020,8,13,1510,162.22,25.25,26.13
2020,8,13,1610,44.69,16.07,25.73
2020,8,13,1710,20.06,7,24.95
2020,8,13,1810,0,0,22.89
2020,8,13,1910,0,0,21.4
2020,8,13,2010,0,0,20.39
2020,8,13,2110,0,0,19.58
2020,8,13,2210,0,0,18.78
2020,8,13,2310,0,0,17.96
2020,8,14,10,0,0,17.16
2020,8,14,110,0,0,16.19
2020,8,14,210,0,0,15.15
2020,8,14,310,0,0,14.27
2020,8,14,410,19.61,6.95,13.88
2020,8,14,510,41.04,16.03,15.55
2020,8,14,610,188.86,25.2,18.19
2020,8,14,710,363.59,34.06,20.77
2020,8,14,810,521.01,42.02,22.91
2020,8,14,910,631.93,48.29,24.73
2020,8,14,1010,671.55,51.83,25.91
2020,8,14,1110,620.89,51.79,26.6
2020,8,14,1210,599.49,48.17,27.08
2020,8,14,1310,492.19,41.84,27.27
2020,8,14,1410,338.35,33.85,27.4
2020,8,14,1510,184.97,24.99,27.21
2020,8,14,1610,41.95,15.81,26.71
2020,8,14,1710,19.15,6.73,25.49
2020,8,14,1810,0,0,23.65
2020,8,14,1910,0,0,22.99
2020,8,14,2010,0,0,22.33
2020,8,14,2110,0,0,21.64
2020,8,14,2210,0,0,20.98
2020,8,14,2310,0,0,20.25
2020,8,15,10,0,0,19.49
2020,8,15,110,0,0,18.78
2020,8,15,210,0,0,18.26
2020,8,15,310,0,0,17.91
2020,8,15,410,2.74,6.73,17.48
2020,8,15,510,35.11,15.82,17.85
2020,8,15,610,191.26,24.99,19.25
2020,8,15,710,370.56,33.83,20.88
2020,8,15,810,530.34,41.77,23.05
2020,8,15,910,647.32,48.02,24.48
2020,8,15,1010,704.58,51.53,25.41
2020,8,15,1110,704.31,51.48,25.93
2020,8,15,1210,638.97,47.86,26.28
2020,8,15,1310,522.98,41.55,26.43
2020,8,15,1410,365.39,33.57,26.47
2020,8,15,1510,188.25,24.72,26.22
2020,8,15,1610,38.3,15.54,25.75
2020,8,15,1710,18.24,6.46,24.7
2020,8,15,1810,0,0,23.06
2020,8,15,1910,0,0,21.49
2020,8,15,2010,0,0,20.34
2020,8,15,2110,0,0,19.27
2020,8,15,2210,0,0,18.16
2020,8,15,2310,0,0,16.98
2020,8,16,10,0,0,15.79
2020,8,16,110,0,0,14.81
2020,8,16,210,0,0,14.06
2020,8,16,310,0,0,13.53
2020,8,16,410,18.24,6.51,13.29
2020,8,16,510,37.85,15.61,14.99
2020,8,16,610,196.89,24.78,18.71
2020,8,16,710,374.63,33.61,20.88
2020,8,16,810,534.64,41.53,22.73
2020,8,16,910,647.26,47.74,24.13
2020,8,16,1010,707.73,51.23,25.32
2020,8,16,1110,707.4,51.16,26.24
2020,8,16,1210,640.94,47.55,26.83
2020,8,16,1310,519.41,41.26,27.21
2020,8,16,1410,366.41,33.29,27.34
2020,8,16,1510,190.63,24.44,27.2
2020,8,16,1610,39.22,15.26,26.72
2020,8,16,1710,17.33,6.18,25.46
2020,8,16,1810,0,0,23.64
2020,8,16,1910,0,0,22
2020,8,16,2010,0,0,20.71
2020,8,16,2110,0,0,19.72
2020,8,16,2210,0,0,18.71
2020,8,16,2310,0,0,17.68
2020,8,17,10,0,0,16.88
2020,8,17,110,0,0,16.15
2020,8,17,210,0,0,15.55
2020,8,17,310,0,0,15
2020,8,17,410,2.28,6.3,14.64
2020,8,17,510,38.76,15.39,16.07
2020,8,17,610,123.44,24.57,19.45
2020,8,17,710,163.3,33.38,20.65
2020,8,17,810,425.44,41.28,21.46
2020,8,17,910,402.54,47.46,23.87
2020,8,17,1010,631.84,50.92,25.65
2020,8,17,1110,455.3,50.84,27.24
2020,8,17,1210,609.21,47.24,27.96
2020,8,17,1310,117.9,40.96,27.93
2020,8,17,1410,70.02,33,28.14
2020,8,17,1510,177.24,24.16,27.81
2020,8,17,1610,48.79,14.98,26.8
2020,8,17,1710,2.28,5.9,25.5
2020,8,17,1810,0,0,23.93
2020,8,17,1910,0,0,22.67
2020,8,17,2010,0,0,21.6
2020,8,17,2110,0,0,20.62
2020,8,17,2210,0,0,19.78
2020,8,17,2310,0,0,19.17
2020,8,18,10,0,0,18.71
2020,8,18,110,0,0,18.42
2020,8,18,210,0,0,18.25
2020,8,18,310,0,0,17.67
2020,8,18,410,4.56,6.08,17.11
2020,8,18,510,42.41,15.18,18.36
2020,8,18,610,73.57,24.35,19.77
2020,8,18,710,107.6,33.15,20.58
2020,8,18,810,226.79,41.03,21.88
2020,8,18,910,277.82,47.18,22.51
2020,8,18,1010,547.75,50.61,23.12
2020,8,18,1110,615.98,50.51,24.02
2020,8,18,1210,495.98,46.92,24.7
2020,8,18,1310,406.22,40.65,24.83
2020,8,18,1410,333.84,32.71,24.96
2020,8,18,1510,117.43,23.88,24.99
2020,8,18,1610,29.64,14.7,24.32
2020,8,18,1710,12.31,5.61,23.58
2020,8,18,1810,0,0,22.56
2020,8,18,1910,0,0,21.59
2020,8,18,2010,0,0,20.65
2020,8,18,2110,0,0,19.91
2020,8,18,2210,0,0,19.03
2020,8,18,2310,0,0,18.19
2020,8,19,10,0,0,17.46
2020,8,19,110,0,0,16.8
2020,8,19,210,0,0,16.19
2020,8,19,310,0,0,15.79
2020,8,19,410,2.28,5.86,15.42
2020,8,19,510,34.66,14.97,16.52
2020,8,19,610,177.28,24.13,18.24
2020,8,19,710,267.91,32.92,19.44
2020,8,19,810,431.5,40.77,20.9
2020,8,19,910,556.48,46.9,22.09
2020,8,19,1010,332.69,50.3,23.14
2020,8,19,1110,282.78,50.19,23.3
2020,8,19,1210,220.45,46.6,23.42
2020,8,19,1310,320.06,40.34,22.92
2020,8,19,1410,193.41,32.41,22.91
2020,8,19,1510,106.06,23.59,23.09
2020,8,19,1610,46.06,14.41,22.7
2020,8,19,1710,6.38,5.32,22.21
2020,8,19,1810,0,0,21.57
2020,8,19,1910,0,0,20.83
2020,8,19,2010,0,0,20.19
2020,8,19,2110,0,0,19.45
2020,8,19,2210,0,0,18.85
2020,8,19,2310,0,0,18.29
2020,8,20,10,0,0,18.13
2020,8,20,110,0,0,17.7
2020,8,20,210,0,0,17.43
2020,8,20,310,0,0,17.15
2020,8,20,410,15.05,5.63,16.79
2020,8,20,510,37.85,14.75,17.46
2020,8,20,610,196.78,23.91,18.9
2020,8,20,710,370.78,32.69,20.5
2020,8,20,810,534.97,40.52,22.21
2020,8,20,910,634.53,46.61,23.41
2020,8,20,1010,616.11,49.98,24.32
2020,8,20,1110,666.87,49.85,25.08
2020,8,20,1210,607.12,46.27,25.52
2020,8,20,1310,494.49,40.03,25.82
2020,8,20,1410,353.24,32.11,26.14
2020,8,20,1510,186.1,23.29,26.17
2020,8,20,1610,37.85,14.12,25.87
2020,8,20,1710,13.22,5.03,25.01
2020,8,20,1810,0,0,23.65
2020,8,20,1910,0,0,22.43
2020,8,20,2010,0,0,20.77
2020,8,20,2110,0,0,19.34
2020,8,20,2210,0,0,18.63
2020,8,20,2310,0,0,18.43
2020,8,21,10,0,0,18.16
2020,8,21,110,0,0,17.26
2020,8,21,210,0,0,15.89
2020,8,21,310,0,0,15.13
2020,8,21,410,14.14,5.41,14.82
2020,8,21,510,37.85,14.53,16.87
2020,8,21,610,201.8,23.69,20.2
2020,8,21,710,373.79,32.45,22.85
2020,8,21,810,533.51,40.26,25
2020,8,21,910,643.54,46.32,26.66
2020,8,21,1010,694.35,49.66,27.8
2020,8,21,1110,701.23,49.52,28.55
2020,8,21,1210,637.94,45.94,29.09
2020,8,21,1310,515.02,39.71,29.43
2020,8,21,1410,359.32,31.81,29.58
2020,8,21,1510,189.44,23,29.52
2020,8,21,1610,34.66,13.83,29.12
2020,8,21,1710,12.31,4.73,27.9
2020,8,21,1810,0,0,26.07
2020,8,21,1910,0,0,24.48
2020,8,21,2010,0,0,23.34
2020,8,21,2110,0,0,22.6
2020,8,21,2210,0,0,22.1
2020,8,21,2310,0,0,21.58
2020,8,22,10,0,0,21.07
2020,8,22,110,0,0,20.59
2020,8,22,210,0,0,20.05
2020,8,22,310,0,0,19.53
2020,8,22,410,12.77,5.19,19.19
2020,8,22,510,36.94,14.31,20.07
2020,8,22,610,200.58,23.46,22.48
2020,8,22,710,372.15,32.21,24.28
2020,8,22,810,531,40,26.39
2020,8,22,910,639.91,46.02,27.42
2020,8,22,1010,690.51,49.33,29.21
2020,8,22,1110,696.51,49.18,30.53
2020,8,22,1210,621.72,45.6,31.26
2020,8,22,1310,505.16,39.39,30.72
2020,8,22,1410,263.74,31.5,27.67
2020,8,22,1510,49.68,22.7,27.46
2020,8,22,1610,7.75,13.53,27.1
2020,8,22,1710,4.1,4.42,26.32
2020,8,22,1810,0,0,25.23
2020,8,22,1910,0,0,22.19
2020,8,22,2010,0,0,21.59
2020,8,22,2110,0,0,21.04
2020,8,22,2210,0,0,20.51
2020,8,22,2310,0,0,20.28
2020,8,23,10,0,0,19.97
2020,8,23,110,0,0,19.54
2020,8,23,210,0,0,19.24
2020,8,23,310,0,0,18.88
2020,8,23,410,4.1,4.96,18.5
2020,8,23,510,31.01,14.09,18.65
2020,8,23,610,61.05,23.24,18.85
2020,8,23,710,84.99,31.98,19.16
2020,8,23,810,71.22,39.73,19.66
2020,8,23,910,65.24,45.73,20.27
2020,8,23,1010,296.43,49.01,20.76
2020,8,23,1110,430.73,48.84,21.72
2020,8,23,1210,554.05,45.26,23.35
2020,8,23,1310,344.15,39.06,23.92
2020,8,23,1410,149.2,31.19,24.19
2020,8,23,1510,49.68,22.39,24
2020,8,23,1610,30.55,13.23,23.4
2020,8,23,1710,1.82,4.12,22.78
2020,8,23,1810,0,0,21.67
2020,8,23,1910,0,0,19.93
2020,8,23,2010,0,0,19.28
2020,8,23,2110,0,0,18.71
2020,8,23,2210,0,0,18.13
2020,8,23,2310,0,0,17.58
2020,8,24,10,0,0,17.26
2020,8,24,110,0,0,16.85
2020,8,24,210,0,0,16.8
2020,8,24,310,0,0,16.41
2020,8,24,410,1.82,4.73,16.09
2020,8,24,510,15.5,13.87,16.8
2020,8,24,610,101.08,23.01,18.21
2020,8,24,710,382,31.73,19.48
2020,8,24,810,558.43,39.47,20.94
2020,8,24,910,664.65,45.43,22.28
2020,8,24,1010,638.11,48.68,23.05
2020,8,24,1110,614.7,48.49,23.63
2020,8,24,1210,435.45,44.92,24.21
2020,8,24,1310,409.17,38.74,24.23
2020,8,24,1410,208.73,30.87,23.63
2020,8,24,1510,148.17,22.08,23.29
2020,8,24,1610,41.04,12.92,22.69
2020,8,24,1710,9.58,3.81,21.74
2020,8,24,1810,0,0,20.11
2020,8,24,1910,0,0,18.99
2020,8,24,2010,0,0,17.81
2020,8,24,2110,0,0,16.82
2020,8,24,2210,0,0,16.02
2020,8,24,2310,0,0,15.81
2020,8,25,10,0,0,15.68
2020,8,25,110,0,0,15.38
2020,8,25,210,0,0,15.07
2020,8,25,310,0,0,15.1
2020,8,25,410,2.74,4.5,15.25
2020,8,25,510,14.14,13.64,16.04
2020,8,25,610,20.35,22.78,16.96
2020,8,25,710,99.1,31.49,18.24
2020,8,25,810,261.52,39.2,19.28
2020,8,25,910,651.12,45.13,20.44
2020,8,25,1010,392.96,48.34,21.64
2020,8,25,1110,337.59,48.14,22.51
2020,8,25,1210,275.53,44.58,22.85
2020,8,25,1310,437.87,38.4,22.29
2020,8,25,1410,339.39,30.55,22.38
2020,8,25,1510,160.43,21.77,22.23
2020,8,25,1610,36.48,12.61,21.76
2020,8,25,1710,8.21,3.49,20.84
2020,8,25,1810,0,0,19.61
2020,8,25,1910,0,0,18.54
2020,8,25,2010,0,0,17.05
2020,8,25,2110,0,0,15.71
2020,8,25,2210,0,0,14.43
2020,8,25,2310,0,0,13.5
2020,8,26,10,0,0,12.94
2020,8,26,110,0,0,12.84
2020,8,26,210,0,0,13.25
2020,8,26,310,0,0,13.52
2020,8,26,410,1.37,4.27,14.04
2020,8,26,510,9.58,13.42,15.29
2020,8,26,610,79.36,22.55,17.24
2020,8,26,710,329.83,31.25,18.38
2020,8,26,810,145.62,38.93,20.57
2020,8,26,910,135.21,44.82,22.75
2020,8,26,1010,717.67,48.01,23.32
2020,8,26,1110,713.83,47.79,22.91
2020,8,26,1210,171.06,44.23,24.47
2020,8,26,1310,121.38,38.07,22.35
2020,8,26,1410,31.12,30.22,21.84
2020,8,26,1510,56.86,21.45,21.48
2020,8,26,1610,7.3,12.29,19.02
2020,8,26,1710,6.84,3.17,17.66
2020,8,26,1810,0,0,17.02
2020,8,26,1910,0,0,16.24
2020,8,26,2010,0,0,16.21
2020,8,26,2110,0,0,16.47
2020,8,26,2210,0,0,16.4
2020,8,26,2310,0,0,16.29
2020,8,27,10,0,0,16.17
2020,8,27,110,0,0,15.69
2020,8,27,210,0,0,15.35
2020,8,27,310,0,0,15.3
2020,8,27,410,3.19,4.04,15.35
2020,8,27,510,50.57,13.19,15.31
2020,8,27,610,27.53,22.32,15.39
2020,8,27,710,67.03,31,16.12
2020,8,27,810,120.2,38.65,16.64
2020,8,27,910,119.7,44.51,17.33
2020,8,27,1010,87.38,47.67,18.15
2020,8,27,1110,176.16,47.44,18.04
2020,8,27,1210,62.24,43.87,17
2020,8,27,1310,207.63,37.73,16.96
2020,8,27,1410,49.68,29.9,17.59
2020,8,27,1510,67.71,21.13,18.3
2020,8,27,1610,36.94,11.97,18.05
2020,8,27,1710,5.93,2.85,17.73
2020,8,27,1810,0,0,17.23
2020,8,27,1910,0,0,16.34
2020,8,27,2010,0,0,15.97
2020,8,27,2110,0,0,15.69
2020,8,27,2210,0,0,15.71
2020,8,27,2310,0,0,15.46
2020,8,28,10,0,0,15.16
2020,8,28,110,0,0,14.99
2020,8,28,210,0,0,14.92
2020,8,28,310,0,0,15.01
2020,8,28,410,1.82,3.81,15.08
2020,8,28,510,13.77,12.96,15.08
2020,8,28,610,61.65,22.09,15.39
2020,8,28,710,76.01,30.75,16.11
2020,8,28,810,213.56,38.38,17.05
2020,8,28,910,155.04,44.21,17.77
2020,8,28,1010,182.36,47.33,18.59
2020,8,28,1110,285.43,47.08,18.98
2020,8,28,1210,117.9,43.52,19.07
2020,8,28,1310,397.32,37.38,18.77
2020,8,28,1410,177.68,29.57,18.87
2020,8,28,1510,192.68,20.81,19.52
2020,8,28,1610,32.83,11.65,19.45
2020,8,28,1710,5.47,2.53,18.59
2020,8,28,1810,0,0,17.1
2020,8,28,1910,0,0,16.9
2020,8,28,2010,0,0,16.5
2020,8,28,2110,0,0,16.35
2020,8,28,2210,0,0,16.39
2020,8,28,2310,0,0,16.39
2020,8,29,10,0,0,16.14
2020,8,29,110,0,0,16.21
2020,8,29,210,0,0,16.32
2020,8,29,310,0,0,16.26
2020,8,29,410,0.91,3.58,16.17
2020,8,29,510,8.38,12.74,16.3
2020,8,29,610,24.54,21.86,16.44
2020,8,29,710,93.18,30.5,17.24
2020,8,29,810,59.85,38.1,17.93
2020,8,29,910,396.96,43.89,18.18
2020,8,29,1010,81.4,46.98,19.13
2020,8,29,1110,130.47,46.72,20.67
2020,8,29,1210,110.12,43.16,20.84
2020,8,29,1310,111.84,37.03,20.65
2020,8,29,1410,116.06,29.23,21.29
2020,8,29,1510,175.21,20.48,21.74
2020,8,29,1610,30.1,11.33,21.58
2020,8,29,1710,0,0,20.59
2020,8,29,1810,0,0,19.17
2020,8,29,1910,0,0,18.16
2020,8,29,2010,0,0,17.61
2020,8,29,2110,0,0,17.16
2020,8,29,2210,0,0,17.08
2020,8,29,2310,0,0,16.83
2020,8,30,10,0,0,16.6
2020,8,30,110,0,0,16.35
2020,8,30,210,0,0,16.47
2020,8,30,310,0,0,15.91
2020,8,30,410,0.91,3.35,16
2020,8,30,510,35.51,12.51,16.59
2020,8,30,610,40.7,21.62,16.93
2020,8,30,710,32.32,30.25,17.1
2020,8,30,810,311.76,37.82,17.88
2020,8,30,910,366.05,43.58,18.15
2020,8,30,1010,163.7,46.64,18.49
2020,8,30,1110,149.72,46.36,18.55
2020,8,30,1210,122.69,42.8,19.54
2020,8,30,1310,116.65,36.68,20.82
2020,8,30,1410,74.21,28.89,21.46
2020,8,30,1510,49.08,20.15,21.66
2020,8,30,1610,21.89,11,21.24
2020,8,30,1710,0,0,20.24
2020,8,30,1810,0,0,19.12
2020,8,30,1910,0,0,18.17
2020,8,30,2010,0,0,17.65
2020,8,30,2110,0,0,17.34
2020,8,30,2210,0,0,17.13
2020,8,30,2310,0,0,16.77
2020,8,31,10,0,0,16.34
2020,8,31,110,0,0,16.01
2020,8,31,210,0,0,16.97
2020,8,31,310,0,0,18.53
2020,8,31,410,3.65,3.11,18.42
2020,8,31,510,60.61,12.28,17.98
2020,8,31,610,210.87,21.38,17.99
2020,8,31,710,393.35,29.99,18.39
2020,8,31,810,96.96,37.54,18.89
2020,8,31,910,337.08,43.26,19.34
2020,8,31,1010,187.25,46.29,19.4
2020,8,31,1110,114.31,45.99,18.48
2020,8,31,1210,101.74,42.43,17.27
2020,8,31,1310,81.4,36.33,16.68
2020,8,31,1410,47.28,28.55,16.38
2020,8,31,1510,46.68,19.82,16.58
2020,8,31,1610,13.22,10.67,16.87
2020,8,31,1710,0,0,16.6
2020,8,31,1810,0,0,15.81
2020,8,31,1910,0,0,15.21
2020,8,31,2010,0,0,14.59
2020,8,31,2110,0,0,13.77
2020,8,31,2210,0,0,13.13
2020,8,31,2310,0,0,12.98
